Area,Year,Region,SFBB,UFBB,Income
BASILDON,2016,East,91.0,1.0,30560.0
BEDFORD,2016,East,87.0,1.0,29564.0
BRAINTREE,2016,East,68.0,0.0,31481.0
BRECKLAND,2016,East,77.0,0.0,24329.0
BROADLAND,2016,East,84.0,0.0,27525.0
BROXBOURNE,2016,East,97.0,0.0,32020.0
CAMBRIDGE,2016,East,95.0,1.0,31014.0
CENTRAL BEDFORDSHIRE,2016,East,88.0,0.0,32266.0
CHELMSFORD,2016,East,86.0,0.0,31822.0
COLCHESTER,2016,East,84.0,0.0,29032.0
DACORUM,2016,East,89.0,0.0,33747.0
EAST CAMBRIDGESHIRE,2016,East,88.0,1.0,28252.0
EAST HERTFORDSHIRE,2016,East,74.0,3.0,34805.0
EPPING FOREST,2016,East,82.0,9.0,35876.0
FENLAND,2016,East,88.0,0.0,26454.0
HARLOW,2016,East,97.0,0.0,26993.0
HERTSMERE,2016,East,96.0,0.0,30220.0
HUNTINGDONSHIRE,2016,East,89.0,3.0,29445.0
IPSWICH,2016,East,97.0,1.0,26824.0
KING'S LYNN AND WEST NORFOLK,2016,East,79.0,0.0,26405.0
LUTON,2016,East,98.0,0.0,26735.0
MID SUFFOLK,2016,East,65.0,1.0,26853.0
NORTH HERTFORDSHIRE,2016,East,84.0,0.0,35102.0
NORTH NORFOLK,2016,East,75.0,0.0,23266.0
PETERBOROUGH,2016,East,94.0,3.0,24760.0
SOUTH CAMBRIDGESHIRE,2016,East,84.0,7.0,35425.0
SOUTH NORFOLK,2016,East,75.0,0.0,29934.0
SOUTHEND-ON-SEA,2016,East,95.0,0.0,29592.0
TENDRING,2016,East,79.0,0.0,25818.0
THREE RIVERS,2016,East,93.0,0.0,32312.0
THURROCK,2016,East,92.0,0.0,29643.0
WATFORD,2016,East,95.0,0.0,34006.0
WELWYN HATFIELD,2016,East,91.0,0.0,31346.0
AMBER VALLEY,2016,East Midlands,87.0,0.0,27832.0
ASHFIELD,2016,East Midlands,97.0,0.0,24258.0
BLABY,2016,East Midlands,96.0,0.0,30372.0
BOLSOVER,2016,East Midlands,90.0,0.0,24659.0
BOSTON,2016,East Midlands,83.0,0.0,21837.0
BROXTOWE,2016,East Midlands,98.0,0.0,30678.0
CHARNWOOD,2016,East Midlands,96.0,0.0,28462.0
CHESTERFIELD,2016,East Midlands,92.0,0.0,25775.0
DERBY,2016,East Midlands,95.0,0.0,28376.0
DERBYSHIRE DALES,2016,East Midlands,68.0,0.0,31058.0
EAST LINDSEY,2016,East Midlands,79.0,0.0,25017.0
EREWASH,2016,East Midlands,97.0,0.0,26940.0
GEDLING,2016,East Midlands,98.0,0.0,27746.0
HARBOROUGH,2016,East Midlands,87.0,2.0,33032.0
HIGH PEAK,2016,East Midlands,83.0,0.0,25429.0
HINCKLEY AND BOSWORTH,2016,East Midlands,92.0,0.0,26085.0
LEICESTER,2016,East Midlands,93.0,0.0,21996.0
LINCOLN,2016,East Midlands,98.0,0.0,24465.0
MELTON,2016,East Midlands,84.0,0.0,25468.0
NEWARK AND SHERWOOD,2016,East Midlands,88.0,0.0,25125.0
NORTH WEST LEICESTERSHIRE,2016,East Midlands,92.0,0.0,25975.0
NOTTINGHAM,2016,East Midlands,94.0,2.0,23360.0
RUSHCLIFFE,2016,East Midlands,92.0,0.0,35113.0
RUTLAND,2016,East Midlands,79.0,6.0,27953.0
SOUTH DERBYSHIRE,2016,East Midlands,84.0,0.0,29290.0
SOUTH HOLLAND,2016,East Midlands,78.0,0.0,25292.0
WEST LINDSEY,2016,East Midlands,85.0,0.0,25486.0
BARKING AND DAGENHAM,2016,London,95.0,3.0,28012.0
BARNET,2016,London,92.0,2.0,33443.0
BEXLEY,2016,London,93.0,1.0,34109.0
BRENT,2016,London,91.0,2.0,29589.0
BROMLEY,2016,London,96.0,0.0,37657.0
CAMDEN,2016,London,94.0,1.0,39810.0
CROYDON,2016,London,91.0,4.0,32523.0
EALING,2016,London,94.0,2.0,31237.0
ENFIELD,2016,London,97.0,0.0,30843.0
GREENWICH,2016,London,89.0,6.0,32433.0
HACKNEY,2016,London,90.0,3.0,32211.0
HAMMERSMITH AND FULHAM,2016,London,84.0,5.0,38009.0
HARINGEY,2016,London,95.0,1.0,30754.0
HARROW,2016,London,96.0,1.0,33400.0
HAVERING,2016,London,96.0,1.0,33234.0
HILLINGDON,2016,London,95.0,0.0,33500.0
HOUNSLOW,2016,London,93.0,3.0,30901.0
ISLINGTON,2016,London,89.0,3.0,36635.0
KINGSTON UPON THAMES,2016,London,95.0,1.0,38034.0
LAMBETH,2016,London,87.0,3.0,33315.0
LEWISHAM,2016,London,84.0,9.0,33080.0
MERTON,2016,London,96.0,1.0,34011.0
NEWHAM,2016,London,86.0,11.0,27773.0
REDBRIDGE,2016,London,90.0,7.0,33742.0
RICHMOND UPON THAMES,2016,London,95.0,0.0,42068.0
SOUTHWARK,2016,London,76.0,6.0,33975.0
SUTTON,2016,London,97.0,0.0,32723.0
TOWER HAMLETS,2016,London,69.0,17.0,36089.0
WALTHAM FOREST,2016,London,79.0,18.0,30746.0
WANDSWORTH,2016,London,87.0,5.0,41325.0
WESTMINSTER,2016,London,70.0,5.0,41729.0
COUNTY DURHAM,2016,North East,91.0,0.0,25011.0
GATESHEAD,2016,North East,91.0,1.0,25049.0
HARTLEPOOL,2016,North East,95.0,0.0,25970.0
MIDDLESBROUGH,2016,North East,94.0,0.0,24966.0
NEWCASTLE UPON TYNE,2016,North East,93.0,2.0,26577.0
NORTH TYNESIDE,2016,North East,88.0,0.0,26092.0
NORTHUMBERLAND,2016,North East,86.0,1.0,26454.0
REDCAR AND CLEVELAND,2016,North East,93.0,0.0,24403.0
SOUTH TYNESIDE,2016,North East,91.0,0.0,23744.0
STOCKTON-ON-TEES,2016,North East,92.0,0.0,27752.0
SUNDERLAND,2016,North East,96.0,0.0,25171.0
ALLERDALE,2016,North West,83.0,0.0,29315.0
BARROW-IN-FURNESS,2016,North West,97.0,0.0,25885.0
BLACKBURN WITH DARWEN,2016,North West,94.0,0.0,22768.0
BLACKPOOL,2016,North West,98.0,0.0,21429.0
BOLTON,2016,North West,97.0,0.0,24815.0
BURNLEY,2016,North West,97.0,0.0,24142.0
BURY,2016,North West,96.0,0.0,28069.0
CARLISLE,2016,North West,88.0,0.0,23342.0
CHESHIRE EAST,2016,North West,88.0,1.0,28754.0
CHESHIRE WEST AND CHESTER,2016,North West,87.0,2.0,28819.0
CHORLEY,2016,North West,92.0,1.0,27486.0
COPELAND,2016,North West,83.0,0.0,38620.0
EDEN,2016,North West,71.0,0.0,24257.0
FYLDE,2016,North West,88.0,0.0,26983.0
HALTON,2016,North West,96.0,0.0,25250.0
HYNDBURN,2016,North West,96.0,0.0,23549.0
KNOWSLEY,2016,North West,96.0,0.0,25135.0
LIVERPOOL,2016,North West,93.0,2.0,25953.0
MANCHESTER,2016,North West,88.0,2.0,24185.0
OLDHAM,2016,North West,97.0,0.0,24051.0
PRESTON,2016,North West,93.0,1.0,24680.0
ROCHDALE,2016,North West,97.0,0.0,24421.0
ROSSENDALE,2016,North West,92.0,0.0,24041.0
SALFORD,2016,North West,90.0,3.0,25288.0
SEFTON,2016,North West,97.0,0.0,25517.0
SOUTH RIBBLE,2016,North West,95.0,0.0,26884.0
ST. HELENS,2016,North West,90.0,0.0,26008.0
STOCKPORT,2016,North West,98.0,0.0,28171.0
TAMESIDE,2016,North West,96.0,0.0,23419.0
TRAFFORD,2016,North West,96.0,0.0,34069.0
WARRINGTON,2016,North West,95.0,0.0,27856.0
WEST LANCASHIRE,2016,North West,83.0,0.0,27798.0
WIGAN,2016,North West,97.0,0.0,27094.0
WIRRAL,2016,North West,95.0,0.0,28183.0
ABERDEEN CITY,2016,Scotland,89.0,0.0,29350.0
ABERDEENSHIRE,2016,Scotland,69.0,0.0,29887.0
ANGUS,2016,Scotland,73.0,0.0,27505.0
ARGYLL AND BUTE,2016,Scotland,54.0,0.0,25592.0
CITY OF EDINBURGH,2016,Scotland,89.0,0.0,29426.0
DUMFRIES AND GALLOWAY,2016,Scotland,70.0,0.0,24414.0
DUNDEE CITY,2016,Scotland,97.0,0.0,24800.0
EAST AYRSHIRE,2016,Scotland,86.0,0.0,28786.0
EAST DUNBARTONSHIRE,2016,Scotland,89.0,0.0,33356.0
EAST LOTHIAN,2016,Scotland,76.0,0.0,29737.0
EAST RENFREWSHIRE,2016,Scotland,88.0,0.0,35410.0
FALKIRK,2016,Scotland,90.0,0.0,28248.0
FIFE,2016,Scotland,88.0,0.0,27584.0
GLASGOW CITY,2016,Scotland,89.0,2.0,26860.0
HIGHLAND,2016,Scotland,64.0,0.0,27918.0
INVERCLYDE,2016,Scotland,87.0,0.0,27955.0
MIDLOTHIAN,2016,Scotland,76.0,0.0,27501.0
MORAY,2016,Scotland,76.0,0.0,24519.0
NORTH AYRSHIRE,2016,Scotland,80.0,0.0,27282.0
NORTH LANARKSHIRE,2016,Scotland,93.0,0.0,26922.0
ORKNEY ISLANDS,2016,Scotland,47.0,0.0,29306.0
PERTH AND KINROSS,2016,Scotland,66.0,0.0,27667.0
RENFREWSHIRE,2016,Scotland,88.0,0.0,28930.0
SCOTTISH BORDERS,2016,Scotland,69.0,0.0,25733.0
SHETLAND ISLANDS,2016,Scotland,54.0,0.0,31992.0
SOUTH AYRSHIRE,2016,Scotland,82.0,0.0,28907.0
SOUTH LANARKSHIRE,2016,Scotland,89.0,0.0,27993.0
WEST DUNBARTONSHIRE,2016,Scotland,96.0,0.0,26664.0
WEST LOTHIAN,2016,Scotland,81.0,0.0,26124.0
ARUN,2016,South East,94.0,0.0,26109.0
ASHFORD,2016,South East,83.0,0.0,27751.0
BASINGSTOKE AND DEANE,2016,South East,84.0,2.0,33485.0
BRACKNELL FOREST,2016,South East,94.0,0.0,30968.0
BRIGHTON AND HOVE,2016,South East,96.0,1.0,30348.0
CANTERBURY,2016,South East,91.0,0.0,28517.0
CHICHESTER,2016,South East,83.0,1.0,30244.0
CRAWLEY,2016,South East,98.0,1.0,29626.0
DOVER,2016,South East,89.0,0.0,25126.0
EAST HAMPSHIRE,2016,South East,81.0,0.0,32054.0
EASTBOURNE,2016,South East,98.0,0.0,25224.0
EASTLEIGH,2016,South East,93.0,0.0,29658.0
ELMBRIDGE,2016,South East,96.0,1.0,37997.0
EPSOM AND EWELL,2016,South East,95.0,2.0,34669.0
GOSPORT,2016,South East,97.0,0.0,27129.0
GRAVESHAM,2016,South East,94.0,1.0,29668.0
GUILDFORD,2016,South East,93.0,1.0,34883.0
HASTINGS,2016,South East,94.0,0.0,23722.0
HAVANT,2016,South East,98.0,0.0,27340.0
HORSHAM,2016,South East,85.0,2.0,33430.0
ISLE OF WIGHT,2016,South East,92.0,0.0,25278.0
LEWES,2016,South East,91.0,1.0,29479.0
MAIDSTONE,2016,South East,87.0,0.0,29634.0
MEDWAY,2016,South East,95.0,0.0,29244.0
MILTON KEYNES,2016,South East,83.0,12.0,29118.0
NEW FOREST,2016,South East,84.0,0.0,29545.0
OXFORD,2016,South East,97.0,0.0,29753.0
PORTSMOUTH,2016,South East,96.0,0.0,25861.0
READING,2016,South East,96.0,1.0,31237.0
REIGATE AND BANSTEAD,2016,South East,94.0,1.0,32538.0
RUNNYMEDE,2016,South East,95.0,1.0,31163.0
RUSHMOOR,2016,South East,95.0,0.0,28797.0
SEVENOAKS,2016,South East,84.0,1.0,30907.0
SLOUGH,2016,South East,95.0,1.0,28276.0
SOUTH OXFORDSHIRE,2016,South East,84.0,4.0,34257.0
SOUTHAMPTON,2016,South East,94.0,0.0,26448.0
SPELTHORNE,2016,South East,72.0,24.0,34997.0
SURREY HEATH,2016,South East,94.0,0.0,35928.0
SWALE,2016,South East,89.0,0.0,27483.0
TANDRIDGE,2016,South East,87.0,3.0,34021.0
TEST VALLEY,2016,South East,76.0,3.0,32175.0
THANET,2016,South East,96.0,0.0,24113.0
TUNBRIDGE WELLS,2016,South East,86.0,0.0,30000.0
VALE OF WHITE HORSE,2016,South East,82.0,9.0,33401.0
WAVERLEY,2016,South East,86.0,2.0,40223.0
WEALDEN,2016,South East,83.0,0.0,30305.0
WEST BERKSHIRE,2016,South East,76.0,19.0,33537.0
WEST OXFORDSHIRE,2016,South East,86.0,9.0,31266.0
WINCHESTER,2016,South East,74.0,0.0,36313.0
WORTHING,2016,South East,99.0,0.0,28061.0
BATH AND NORTH EAST SOMERSET,2016,South West,84.0,0.0,29888.0
"BRISTOL, CITY OF",2016,South West,93.0,1.0,27378.0
CHELTENHAM,2016,South West,93.0,0.0,28264.0
CORNWALL,2016,South West,56.0,29.0,24574.0
EAST DEVON,2016,South West,78.0,2.0,27754.0
EXETER,2016,South West,83.0,9.0,27275.0
GLOUCESTER,2016,South West,93.0,0.0,26494.0
MENDIP,2016,South West,76.0,0.0,27379.0
MID DEVON,2016,South West,67.0,0.0,25618.0
NORTH SOMERSET,2016,South West,83.0,0.0,30086.0
PLYMOUTH,2016,South West,96.0,0.0,24970.0
SEDGEMOOR,2016,South West,80.0,1.0,23390.0
SOUTH GLOUCESTERSHIRE,2016,South West,91.0,1.0,29739.0
SOUTH HAMS,2016,South West,72.0,0.0,26413.0
SOUTH SOMERSET,2016,South West,79.0,0.0,24148.0
STROUD,2016,South West,75.0,2.0,26454.0
SWINDON,2016,South West,82.0,1.0,29248.0
TEIGNBRIDGE,2016,South West,80.0,0.0,24931.0
TORBAY,2016,South West,89.0,0.0,22412.0
TORRIDGE,2016,South West,72.0,0.0,23211.0
WEST DEVON,2016,South West,63.0,0.0,24492.0
WILTSHIRE,2016,South West,84.0,0.0,26857.0
BLAENAU GWENT,2016,Wales,96.0,1.0,22953.0
BRIDGEND,2016,Wales,92.0,0.0,26094.0
CAERPHILLY,2016,Wales,93.0,0.0,24449.0
CARDIFF,2016,Wales,94.0,2.0,27521.0
CARMARTHENSHIRE,2016,Wales,75.0,0.0,24551.0
CEREDIGION,2016,Wales,58.0,0.0,23074.0
DENBIGHSHIRE,2016,Wales,79.0,0.0,23693.0
FLINTSHIRE,2016,Wales,83.0,2.0,28602.0
ISLE OF ANGLESEY,2016,Wales,71.0,3.0,24075.0
MERTHYR TYDFIL,2016,Wales,29.0,2.0,22626.0
MONMOUTHSHIRE,2016,Wales,77.0,2.0,31846.0
NEATH PORT TALBOT,2016,Wales,93.0,0.0,24227.0
NEWPORT,2016,Wales,84.0,0.0,25394.0
PEMBROKESHIRE,2016,Wales,76.0,0.0,23184.0
POWYS,2016,Wales,60.0,0.0,25137.0
SWANSEA,2016,Wales,94.0,1.0,25394.0
TORFAEN,2016,Wales,93.0,0.0,25220.0
VALE OF GLAMORGAN,2016,Wales,90.0,0.0,32184.0
WREXHAM,2016,Wales,86.0,1.0,25845.0
BIRMINGHAM,2016,West Midlands,93.0,1.0,25994.0
BROMSGROVE,2016,West Midlands,90.0,1.0,30984.0
CANNOCK CHASE,2016,West Midlands,95.0,0.0,26140.0
COVENTRY,2016,West Midlands,91.0,0.0,27969.0
DUDLEY,2016,West Midlands,96.0,0.0,26845.0
EAST STAFFORDSHIRE,2016,West Midlands,86.0,0.0,26765.0
"HEREFORDSHIRE, COUNTY OF",2016,West Midlands,67.0,1.0,25004.0
LICHFIELD,2016,West Midlands,91.0,0.0,31725.0
NEWCASTLE-UNDER-LYME,2016,West Midlands,93.0,0.0,25862.0
NORTH WARWICKSHIRE,2016,West Midlands,84.0,0.0,29010.0
NUNEATON AND BEDWORTH,2016,West Midlands,97.0,0.0,25031.0
RUGBY,2016,West Midlands,90.0,0.0,28813.0
SANDWELL,2016,West Midlands,92.0,0.0,23201.0
SHROPSHIRE,2016,West Midlands,72.0,2.0,27264.0
SOLIHULL,2016,West Midlands,94.0,0.0,32000.0
SOUTH STAFFORDSHIRE,2016,West Midlands,83.0,0.0,28811.0
STAFFORD,2016,West Midlands,89.0,0.0,28793.0
STOKE-ON-TRENT,2016,West Midlands,98.0,0.0,22786.0
STRATFORD-ON-AVON,2016,West Midlands,74.0,0.0,31137.0
TAMWORTH,2016,West Midlands,99.0,0.0,25616.0
TELFORD AND WREKIN,2016,West Midlands,87.0,0.0,25472.0
WALSALL,2016,West Midlands,93.0,0.0,24268.0
WARWICK,2016,West Midlands,93.0,0.0,31416.0
WOLVERHAMPTON,2016,West Midlands,97.0,0.0,23085.0
WORCESTER,2016,West Midlands,97.0,0.0,26522.0
WYCHAVON,2016,West Midlands,81.0,1.0,28019.0
WYRE FOREST,2016,West Midlands,92.0,0.0,25259.0
BARNSLEY,2016,Yorkshire,82.0,0.0,24313.0
BRADFORD,2016,Yorkshire,93.0,1.0,24189.0
CALDERDALE,2016,Yorkshire,85.0,0.0,27751.0
DONCASTER,2016,Yorkshire,81.0,0.0,24616.0
EAST RIDING OF YORKSHIRE,2016,Yorkshire,50.0,17.0,26989.0
HAMBLETON,2016,Yorkshire,81.0,1.0,27784.0
HARROGATE,2016,Yorkshire,85.0,1.0,29109.0
"KINGSTON UPON HULL, CITY OF",2016,Yorkshire,1.0,31.0,23580.0
KIRKLEES,2016,Yorkshire,85.0,0.0,25599.0
LEEDS,2016,Yorkshire,92.0,1.0,27815.0
NORTH EAST LINCOLNSHIRE,2016,Yorkshire,97.0,0.0,26400.0
NORTH LINCOLNSHIRE,2016,Yorkshire,86.0,0.0,28091.0
RICHMONDSHIRE,2016,Yorkshire,75.0,0.0,29372.0
ROTHERHAM,2016,Yorkshire,81.0,0.0,24839.0
RYEDALE,2016,Yorkshire,72.0,3.0,23173.0
SELBY,2016,Yorkshire,77.0,6.0,28898.0
SHEFFIELD,2016,Yorkshire,86.0,1.0,26069.0
WAKEFIELD,2016,Yorkshire,93.0,0.0,24287.0
YORK,2016,Yorkshire,81.0,8.0,26096.0
BASILDON,2017,East,35.0,57.0,29839.0
BEDFORD,2017,East,57.0,34.0,30250.0
BRAINTREE,2017,East,76.0,0.0,31793.0
BRECKLAND,2017,East,80.0,0.0,24050.0
BROADLAND,2017,East,62.0,24.0,27417.0
BROXBOURNE,2017,East,18.0,80.0,32285.0
CAMBRIDGE,2017,East,62.0,36.0,32247.0
CENTRAL BEDFORDSHIRE,2017,East,90.0,2.0,31507.0
CHELMSFORD,2017,East,49.0,37.0,31767.0
COLCHESTER,2017,East,50.0,38.0,30923.0
DACORUM,2017,East,32.0,58.0,33337.0
EAST CAMBRIDGESHIRE,2017,East,81.0,8.0,30180.0
EAST HERTFORDSHIRE,2017,East,29.0,52.0,35349.0
EPPING FOREST,2017,East,22.0,68.0,35106.0
FENLAND,2017,East,75.0,15.0,26419.0
HARLOW,2017,East,9.0,88.0,27271.0
HERTSMERE,2017,East,33.0,63.0,31496.0
HUNTINGDONSHIRE,2017,East,87.0,6.0,30694.0
IPSWICH,2017,East,29.0,69.0,26673.0
KING'S LYNN AND WEST NORFOLK,2017,East,81.0,0.0,25353.0
LUTON,2017,East,21.0,76.0,28777.0
MID SUFFOLK,2017,East,70.0,1.0,25948.0
NORTH HERTFORDSHIRE,2017,East,84.0,4.0,36029.0
NORTH NORFOLK,2017,East,79.0,0.0,24479.0
PETERBOROUGH,2017,East,29.0,68.0,24245.0
SOUTH CAMBRIDGESHIRE,2017,East,71.0,23.0,35432.0
SOUTH NORFOLK,2017,East,78.0,1.0,27314.0
SOUTHEND-ON-SEA,2017,East,43.0,52.0,30099.0
TENDRING,2017,East,85.0,0.0,27554.0
THREE RIVERS,2017,East,30.0,64.0,32371.0
THURROCK,2017,East,27.0,66.0,29696.0
WATFORD,2017,East,36.0,62.0,34920.0
WELWYN HATFIELD,2017,East,88.0,5.0,32453.0
AMBER VALLEY,2017,East Midlands,87.0,1.0,30031.0
ASHFIELD,2017,East Midlands,98.0,0.0,24664.0
BLABY,2017,East Midlands,28.0,68.0,30294.0
BOLSOVER,2017,East Midlands,91.0,0.0,23587.0
BOSTON,2017,East Midlands,86.0,0.0,21089.0
BROXTOWE,2017,East Midlands,16.0,83.0,29428.0
CHARNWOOD,2017,East Midlands,43.0,53.0,27279.0
CHESTERFIELD,2017,East Midlands,94.0,0.0,25843.0
DERBY,2017,East Midlands,26.0,71.0,28633.0
DERBYSHIRE DALES,2017,East Midlands,77.0,1.0,31356.0
EAST LINDSEY,2017,East Midlands,78.0,2.0,24468.0
EREWASH,2017,East Midlands,29.0,69.0,26863.0
GEDLING,2017,East Midlands,77.0,21.0,27680.0
HARBOROUGH,2017,East Midlands,69.0,22.0,36117.0
HIGH PEAK,2017,East Midlands,86.0,0.0,28654.0
HINCKLEY AND BOSWORTH,2017,East Midlands,88.0,5.0,27384.0
LEICESTER,2017,East Midlands,16.0,78.0,21830.0
LINCOLN,2017,East Midlands,21.0,77.0,23272.0
MELTON,2017,East Midlands,88.0,1.0,26815.0
NEWARK AND SHERWOOD,2017,East Midlands,91.0,1.0,24785.0
NORTH WEST LEICESTERSHIRE,2017,East Midlands,34.0,58.0,26638.0
NOTTINGHAM,2017,East Midlands,20.0,76.0,23493.0
RUSHCLIFFE,2017,East Midlands,31.0,63.0,36520.0
RUTLAND,2017,East Midlands,82.0,8.0,28814.0
SOUTH DERBYSHIRE,2017,East Midlands,83.0,3.0,30028.0
SOUTH HOLLAND,2017,East Midlands,80.0,1.0,24936.0
WEST LINDSEY,2017,East Midlands,74.0,11.0,27959.0
BARKING AND DAGENHAM,2017,London,16.0,81.0,30200.0
BARNET,2017,London,62.0,34.0,37340.0
BEXLEY,2017,London,27.0,67.0,33453.0
BRENT,2017,London,53.0,42.0,30347.0
BROMLEY,2017,London,47.0,50.0,40184.0
CAMDEN,2017,London,94.0,3.0,39537.0
CROYDON,2017,London,28.0,67.0,33541.0
EALING,2017,London,46.0,51.0,32929.0
ENFIELD,2017,London,46.0,52.0,30920.0
GREENWICH,2017,London,70.0,27.0,33145.0
HACKNEY,2017,London,42.0,53.0,34816.0
HAMMERSMITH AND FULHAM,2017,London,64.0,28.0,40092.0
HARINGEY,2017,London,21.0,77.0,32965.0
HARROW,2017,London,27.0,70.0,34219.0
HAVERING,2017,London,17.0,80.0,32986.0
HILLINGDON,2017,London,13.0,82.0,31618.0
HOUNSLOW,2017,London,18.0,78.0,31792.0
ISLINGTON,2017,London,31.0,65.0,37972.0
KINGSTON UPON THAMES,2017,London,13.0,84.0,37594.0
LAMBETH,2017,London,59.0,34.0,34266.0
LEWISHAM,2017,London,64.0,31.0,34201.0
MERTON,2017,London,17.0,81.0,35708.0
NEWHAM,2017,London,29.0,68.0,29107.0
REDBRIDGE,2017,London,22.0,75.0,33201.0
RICHMOND UPON THAMES,2017,London,19.0,78.0,40818.0
SOUTHWARK,2017,London,62.0,25.0,35012.0
SUTTON,2017,London,22.0,76.0,32425.0
TOWER HAMLETS,2017,London,45.0,45.0,37643.0
WALTHAM FOREST,2017,London,14.0,82.0,31419.0
WANDSWORTH,2017,London,65.0,29.0,40123.0
WESTMINSTER,2017,London,71.0,14.0,43105.0
COUNTY DURHAM,2017,North East,91.0,1.0,25667.0
GATESHEAD,2017,North East,28.0,65.0,25802.0
HARTLEPOOL,2017,North East,19.0,76.0,25525.0
MIDDLESBROUGH,2017,North East,9.0,85.0,24141.0
NEWCASTLE UPON TYNE,2017,North East,71.0,24.0,26691.0
NORTH TYNESIDE,2017,North East,38.0,57.0,27855.0
NORTHUMBERLAND,2017,North East,87.0,2.0,27113.0
REDCAR AND CLEVELAND,2017,North East,30.0,63.0,25390.0
SOUTH TYNESIDE,2017,North East,94.0,0.0,25301.0
STOCKTON-ON-TEES,2017,North East,31.0,63.0,26538.0
SUNDERLAND,2017,North East,47.0,49.0,24914.0
ALLERDALE,2017,North West,86.0,1.0,29363.0
BARROW-IN-FURNESS,2017,North West,98.0,0.0,30025.0
BLACKBURN WITH DARWEN,2017,North West,38.0,59.0,23183.0
BLACKPOOL,2017,North West,74.0,24.0,23055.0
BOLTON,2017,North West,29.0,69.0,24364.0
BURNLEY,2017,North West,98.0,0.0,23659.0
BURY,2017,North West,61.0,36.0,27652.0
CARLISLE,2017,North West,63.0,27.0,23192.0
CHESHIRE EAST,2017,North West,87.0,3.0,28682.0
CHESHIRE WEST AND CHESTER,2017,North West,75.0,16.0,29478.0
CHORLEY,2017,North West,49.0,45.0,27463.0
COPELAND,2017,North West,87.0,0.0,43252.0
EDEN,2017,North West,73.0,2.0,24413.0
FYLDE,2017,North West,70.0,20.0,30498.0
HALTON,2017,North West,40.0,57.0,26143.0
HYNDBURN,2017,North West,47.0,49.0,25069.0
KNOWSLEY,2017,North West,26.0,72.0,26235.0
LIVERPOOL,2017,North West,21.0,75.0,26017.0
MANCHESTER,2017,North West,51.0,41.0,25000.0
OLDHAM,2017,North West,35.0,62.0,24907.0
PRESTON,2017,North West,31.0,65.0,24176.0
ROCHDALE,2017,North West,83.0,15.0,24603.0
ROSSENDALE,2017,North West,93.0,0.0,23379.0
SALFORD,2017,North West,23.0,70.0,26097.0
SEFTON,2017,North West,48.0,50.0,26801.0
SOUTH RIBBLE,2017,North West,33.0,62.0,26750.0
ST. HELENS,2017,North West,15.0,78.0,25352.0
STOCKPORT,2017,North West,22.0,76.0,29048.0
TAMESIDE,2017,North West,84.0,12.0,24289.0
TRAFFORD,2017,North West,63.0,35.0,32047.0
WARRINGTON,2017,North West,33.0,63.0,28168.0
WEST LANCASHIRE,2017,North West,85.0,3.0,28445.0
WIGAN,2017,North West,22.0,76.0,26957.0
WIRRAL,2017,North West,78.0,17.0,27561.0
ABERDEEN CITY,2017,Scotland,90.0,0.0,28500.0
ABERDEENSHIRE,2017,Scotland,72.0,0.0,29434.0
ANGUS,2017,Scotland,68.0,13.0,27529.0
ARGYLL AND BUTE,2017,Scotland,69.0,0.0,24721.0
CITY OF EDINBURGH,2017,Scotland,21.0,72.0,30546.0
DUMFRIES AND GALLOWAY,2017,Scotland,76.0,0.0,24565.0
DUNDEE CITY,2017,Scotland,16.0,82.0,26289.0
EAST AYRSHIRE,2017,Scotland,63.0,28.0,27855.0
EAST DUNBARTONSHIRE,2017,Scotland,91.0,0.0,31949.0
EAST LOTHIAN,2017,Scotland,83.0,0.0,31777.0
EAST RENFREWSHIRE,2017,Scotland,47.0,44.0,36354.0
FALKIRK,2017,Scotland,65.0,29.0,27859.0
FIFE,2017,Scotland,64.0,28.0,27480.0
GLASGOW CITY,2017,Scotland,72.0,21.0,27112.0
HIGHLAND,2017,Scotland,70.0,0.0,28262.0
INVERCLYDE,2017,Scotland,31.0,62.0,28205.0
MIDLOTHIAN,2017,Scotland,84.0,0.0,28141.0
MORAY,2017,Scotland,80.0,0.0,27082.0
NORTH AYRSHIRE,2017,Scotland,69.0,19.0,29234.0
NORTH LANARKSHIRE,2017,Scotland,29.0,66.0,27494.0
ORKNEY ISLANDS,2017,Scotland,58.0,0.0,26529.0
PERTH AND KINROSS,2017,Scotland,47.0,29.0,27907.0
RENFREWSHIRE,2017,Scotland,47.0,43.0,30765.0
SCOTTISH BORDERS,2017,Scotland,74.0,1.0,27081.0
SHETLAND ISLANDS,2017,Scotland,64.0,0.0,31644.0
SOUTH AYRSHIRE,2017,Scotland,48.0,39.0,29505.0
SOUTH LANARKSHIRE,2017,Scotland,35.0,56.0,28743.0
WEST DUNBARTONSHIRE,2017,Scotland,11.0,86.0,26678.0
WEST LOTHIAN,2017,Scotland,62.0,28.0,28034.0
ARUN,2017,South East,93.0,1.0,26535.0
ASHFORD,2017,South East,48.0,37.0,29135.0
BASINGSTOKE AND DEANE,2017,South East,57.0,32.0,33749.0
BRACKNELL FOREST,2017,South East,49.0,44.0,33054.0
BRIGHTON AND HOVE,2017,South East,24.0,73.0,30250.0
CANTERBURY,2017,South East,92.0,0.0,32473.0
CHICHESTER,2017,South East,84.0,2.0,30676.0
CRAWLEY,2017,South East,15.0,83.0,28009.0
DOVER,2017,South East,89.0,0.0,25580.0
EAST HAMPSHIRE,2017,South East,82.0,0.0,34936.0
EASTBOURNE,2017,South East,97.0,1.0,26815.0
EASTLEIGH,2017,South East,55.0,38.0,30671.0
ELMBRIDGE,2017,South East,28.0,69.0,38230.0
EPSOM AND EWELL,2017,South East,25.0,72.0,36148.0
GOSPORT,2017,South East,98.0,0.0,28134.0
GRAVESHAM,2017,South East,40.0,54.0,28945.0
GUILDFORD,2017,South East,33.0,61.0,36626.0
HASTINGS,2017,South East,95.0,0.0,23741.0
HAVANT,2017,South East,41.0,57.0,29190.0
HORSHAM,2017,South East,84.0,4.0,32908.0
ISLE OF WIGHT,2017,South East,93.0,0.0,26137.0
LEWES,2017,South East,91.0,2.0,32102.0
MAIDSTONE,2017,South East,48.0,41.0,29964.0
MEDWAY,2017,South East,20.0,76.0,30365.0
MILTON KEYNES,2017,South East,81.0,13.0,31436.0
NEW FOREST,2017,South East,76.0,9.0,30545.0
OXFORD,2017,South East,27.0,71.0,32486.0
PORTSMOUTH,2017,South East,58.0,38.0,26655.0
READING,2017,South East,24.0,73.0,32234.0
REIGATE AND BANSTEAD,2017,South East,28.0,67.0,34095.0
RUNNYMEDE,2017,South East,35.0,61.0,32919.0
RUSHMOOR,2017,South East,17.0,79.0,29468.0
SEVENOAKS,2017,South East,67.0,20.0,33182.0
SLOUGH,2017,South East,17.0,79.0,28651.0
SOUTH OXFORDSHIRE,2017,South East,65.0,26.0,36910.0
SOUTHAMPTON,2017,South East,28.0,66.0,27430.0
SPELTHORNE,2017,South East,16.0,81.0,35250.0
SURREY HEATH,2017,South East,37.0,58.0,38979.0
SWALE,2017,South East,65.0,27.0,29766.0
TANDRIDGE,2017,South East,60.0,29.0,33602.0
TEST VALLEY,2017,South East,30.0,52.0,34501.0
THANET,2017,South East,96.0,0.0,24919.0
TUNBRIDGE WELLS,2017,South East,87.0,0.0,31150.0
VALE OF WHITE HORSE,2017,South East,40.0,53.0,35030.0
WAVERLEY,2017,South East,78.0,10.0,39139.0
WEALDEN,2017,South East,85.0,4.0,31226.0
WEST BERKSHIRE,2017,South East,35.0,61.0,33167.0
WEST OXFORDSHIRE,2017,South East,60.0,29.0,31067.0
WINCHESTER,2017,South East,54.0,25.0,36012.0
WORTHING,2017,South East,16.0,83.0,26460.0
BATH AND NORTH EAST SOMERSET,2017,South West,68.0,18.0,29211.0
"BRISTOL, CITY OF",2017,South West,47.0,47.0,27924.0
CHELTENHAM,2017,South West,33.0,60.0,29365.0
CORNWALL,2017,South West,54.0,31.0,25008.0
EAST DEVON,2017,South West,80.0,3.0,26849.0
EXETER,2017,South West,17.0,75.0,26202.0
GLOUCESTER,2017,South West,17.0,75.0,26042.0
MENDIP,2017,South West,79.0,1.0,27769.0
MID DEVON,2017,South West,69.0,2.0,27353.0
NORTH SOMERSET,2017,South West,86.0,1.0,30944.0
PLYMOUTH,2017,South West,16.0,80.0,26979.0
SEDGEMOOR,2017,South West,85.0,2.0,26166.0
SOUTH GLOUCESTERSHIRE,2017,South West,34.0,60.0,30238.0
SOUTH HAMS,2017,South West,74.0,4.0,27275.0
SOUTH SOMERSET,2017,South West,86.0,0.0,26186.0
STROUD,2017,South West,75.0,5.0,27821.0
SWINDON,2017,South West,18.0,70.0,28736.0
TEIGNBRIDGE,2017,South West,58.0,26.0,23401.0
TORBAY,2017,South West,54.0,36.0,23878.0
TORRIDGE,2017,South West,77.0,3.0,24710.0
WEST DEVON,2017,South West,70.0,1.0,22757.0
WILTSHIRE,2017,South West,80.0,8.0,29132.0
BLAENAU GWENT,2017,Wales,96.0,1.0,25998.0
BRIDGEND,2017,Wales,92.0,1.0,27353.0
CAERPHILLY,2017,Wales,94.0,0.0,24967.0
CARDIFF,2017,Wales,54.0,43.0,27910.0
CARMARTHENSHIRE,2017,Wales,77.0,3.0,26641.0
CEREDIGION,2017,Wales,59.0,7.0,23120.0
DENBIGHSHIRE,2017,Wales,80.0,1.0,25157.0
FLINTSHIRE,2017,Wales,83.0,5.0,26988.0
ISLE OF ANGLESEY,2017,Wales,71.0,9.0,25415.0
MERTHYR TYDFIL,2017,Wales,93.0,2.0,24183.0
MONMOUTHSHIRE,2017,Wales,78.0,4.0,31433.0
NEATH PORT TALBOT,2017,Wales,94.0,1.0,25055.0
NEWPORT,2017,Wales,95.0,1.0,26230.0
PEMBROKESHIRE,2017,Wales,79.0,3.0,24210.0
POWYS,2017,Wales,59.0,11.0,25004.0
SWANSEA,2017,Wales,67.0,29.0,26211.0
TORFAEN,2017,Wales,93.0,2.0,27751.0
VALE OF GLAMORGAN,2017,Wales,90.0,2.0,31674.0
WREXHAM,2017,Wales,87.0,2.0,25296.0
BIRMINGHAM,2017,West Midlands,29.0,65.0,26738.0
BROMSGROVE,2017,West Midlands,78.0,16.0,33752.0
CANNOCK CHASE,2017,West Midlands,76.0,20.0,27851.0
COVENTRY,2017,West Midlands,34.0,57.0,28412.0
DUDLEY,2017,West Midlands,10.0,88.0,27258.0
EAST STAFFORDSHIRE,2017,West Midlands,89.0,0.0,26103.0
"HEREFORDSHIRE, COUNTY OF",2017,West Midlands,72.0,10.0,23328.0
LICHFIELD,2017,West Midlands,37.0,56.0,30369.0
NEWCASTLE-UNDER-LYME,2017,West Midlands,43.0,52.0,24907.0
NORTH WARWICKSHIRE,2017,West Midlands,74.0,14.0,29884.0
NUNEATON AND BEDWORTH,2017,West Midlands,51.0,46.0,27541.0
RUGBY,2017,West Midlands,58.0,34.0,30708.0
SANDWELL,2017,West Midlands,43.0,55.0,23832.0
SHROPSHIRE,2017,West Midlands,72.0,7.0,27193.0
SOLIHULL,2017,West Midlands,69.0,25.0,31906.0
SOUTH STAFFORDSHIRE,2017,West Midlands,86.0,1.0,30322.0
STAFFORD,2017,West Midlands,34.0,55.0,28581.0
STOKE-ON-TRENT,2017,West Midlands,27.0,71.0,23739.0
STRATFORD-ON-AVON,2017,West Midlands,71.0,12.0,31649.0
TAMWORTH,2017,West Midlands,23.0,76.0,25100.0
TELFORD AND WREKIN,2017,West Midlands,24.0,69.0,24246.0
WALSALL,2017,West Midlands,81.0,15.0,24081.0
WARWICK,2017,West Midlands,45.0,49.0,32926.0
WOLVERHAMPTON,2017,West Midlands,13.0,85.0,24047.0
WORCESTER,2017,West Midlands,97.0,0.0,28578.0
WYCHAVON,2017,West Midlands,85.0,1.0,28968.0
WYRE FOREST,2017,West Midlands,47.0,46.0,25060.0
BARNSLEY,2017,Yorkshire,56.0,32.0,25107.0
BRADFORD,2017,Yorkshire,23.0,72.0,24896.0
CALDERDALE,2017,Yorkshire,70.0,19.0,27089.0
DONCASTER,2017,Yorkshire,52.0,35.0,24897.0
EAST RIDING OF YORKSHIRE,2017,Yorkshire,51.0,34.0,27500.0
HAMBLETON,2017,Yorkshire,81.0,2.0,26578.0
HARROGATE,2017,Yorkshire,41.0,47.0,30000.0
"KINGSTON UPON HULL, CITY OF",2017,Yorkshire,1.0,45.0,23127.0
KIRKLEES,2017,Yorkshire,40.0,51.0,26318.0
LEEDS,2017,Yorkshire,73.0,21.0,27818.0
NORTH EAST LINCOLNSHIRE,2017,Yorkshire,9.0,88.0,23432.0
NORTH LINCOLNSHIRE,2017,Yorkshire,51.0,39.0,27246.0
RICHMONDSHIRE,2017,Yorkshire,76.0,2.0,25188.0
ROTHERHAM,2017,Yorkshire,51.0,37.0,25803.0
RYEDALE,2017,Yorkshire,75.0,5.0,22951.0
SELBY,2017,Yorkshire,79.0,7.0,29588.0
SHEFFIELD,2017,Yorkshire,51.0,38.0,26897.0
WAKEFIELD,2017,Yorkshire,62.0,31.0,24933.0
YORK,2017,Yorkshire,42.0,50.0,25956.0
BASILDON,2018,East,28.2,66.6,31084.0
BEDFORD,2018,East,23.8,71.7,29741.0
BRAINTREE,2018,East,82.3,0.8,32464.0
BRECKLAND,2018,East,82.4,1.3,26041.0
BROADLAND,2018,East,55.1,35.2,29091.0
BROXBOURNE,2018,East,13.8,84.6,33541.0
CAMBRIDGE,2018,East,14.5,84.2,32980.0
CENTRAL BEDFORDSHIRE,2018,East,33.9,60.8,32266.0
CHELMSFORD,2018,East,46.5,44.9,30812.0
COLCHESTER,2018,East,51.1,40.8,30906.0
DACORUM,2018,East,28.1,66.4,33918.0
EAST CAMBRIDGESHIRE,2018,East,65.1,26.4,29474.0
EAST HERTFORDSHIRE,2018,East,30.4,61.6,36006.0
EPPING FOREST,2018,East,15.2,78.7,35363.0
FENLAND,2018,East,38.4,54.4,27708.0
HARLOW,2018,East,6.9,90.3,27558.0
HERTSMERE,2018,East,22.1,75.2,32942.0
HUNTINGDONSHIRE,2018,East,41.2,53.7,31760.0
IPSWICH,2018,East,34.9,63.6,26941.0
KING'S LYNN AND WEST NORFOLK,2018,East,84.0,2.1,27216.0
LUTON,2018,East,7.6,92.0,27934.0
MID SUFFOLK,2018,East,78.5,4.8,27479.0
NORTH HERTFORDSHIRE,2018,East,23.2,71.5,34796.0
NORTH NORFOLK,2018,East,82.6,0.8,24529.0
PETERBOROUGH,2018,East,28.1,69.5,25250.0
SOUTH CAMBRIDGESHIRE,2018,East,39.3,56.0,37414.0
SOUTH NORFOLK,2018,East,76.3,6.9,30903.0
SOUTHEND-ON-SEA,2018,East,36.1,59.6,31968.0
TENDRING,2018,East,89.6,0.5,27011.0
THREE RIVERS,2018,East,32.5,63.4,34391.0
THURROCK,2018,East,20.8,74.0,30248.0
WATFORD,2018,East,20.9,77.7,30760.0
WELWYN HATFIELD,2018,East,26.7,68.5,32453.0
AMBER VALLEY,2018,East Midlands,70.2,22.0,29696.0
ASHFIELD,2018,East Midlands,9.5,89.3,25348.0
BLABY,2018,East Midlands,35.6,61.3,29618.0
BOLSOVER,2018,East Midlands,65.4,27.7,24912.0
BOSTON,2018,East Midlands,86.2,0.8,21491.0
BROXTOWE,2018,East Midlands,8.6,90.9,29195.0
CHARNWOOD,2018,East Midlands,50.2,47.4,29660.0
CHESTERFIELD,2018,East Midlands,64.3,31.6,26008.0
DERBY,2018,East Midlands,21.5,77.7,31954.0
DERBYSHIRE DALES,2018,East Midlands,78.9,3.7,30906.0
EAST LINDSEY,2018,East Midlands,76.4,8.4,25676.0
EREWASH,2018,East Midlands,23.5,74.7,27622.0
GEDLING,2018,East Midlands,19.2,79.7,28628.0
HARBOROUGH,2018,East Midlands,65.3,28.5,35000.0
HIGH PEAK,2018,East Midlands,87.3,1.5,28246.0
HINCKLEY AND BOSWORTH,2018,East Midlands,32.2,63.1,28713.0
LEICESTER,2018,East Midlands,22.2,76.5,22189.0
LINCOLN,2018,East Midlands,20.7,78.1,24908.0
MELTON,2018,East Midlands,43.2,50.1,27112.0
NEWARK AND SHERWOOD,2018,East Midlands,41.2,53.1,27562.0
NORTH WEST LEICESTERSHIRE,2018,East Midlands,52.9,42.6,29870.0
NOTTINGHAM,2018,East Midlands,23.5,74.6,23293.0
RUSHCLIFFE,2018,East Midlands,34.6,61.7,34891.0
RUTLAND,2018,East Midlands,82.2,8.3,27880.0
SOUTH DERBYSHIRE,2018,East Midlands,77.8,13.5,32974.0
SOUTH HOLLAND,2018,East Midlands,81.0,3.0,25781.0
WEST LINDSEY,2018,East Midlands,73.0,12.7,29330.0
BARKING AND DAGENHAM,2018,London,28.8,70.7,29313.0
BARNET,2018,London,54.1,42.6,35645.0
BEXLEY,2018,London,20.2,77.0,34857.0
BRENT,2018,London,35.8,61.7,30335.0
BROMLEY,2018,London,22.8,75.3,40000.0
CAMDEN,2018,London,14.6,82.7,41691.0
CROYDON,2018,London,18.7,78.3,35861.0
EALING,2018,London,34.8,63.8,33019.0
ENFIELD,2018,London,35.0,63.7,30919.0
GREENWICH,2018,London,32.5,65.8,35988.0
HACKNEY,2018,London,31.6,65.7,33652.0
HAMMERSMITH AND FULHAM,2018,London,36.6,57.6,39420.0
HARINGEY,2018,London,14.2,84.8,33254.0
HARROW,2018,London,29.9,68.0,35000.0
HAVERING,2018,London,19.3,79.1,34145.0
HILLINGDON,2018,London,9.3,88.3,30605.0
HOUNSLOW,2018,London,19.2,79.2,32162.0
ISLINGTON,2018,London,17.4,78.2,45000.0
KINGSTON UPON THAMES,2018,London,7.3,91.0,38055.0
LAMBETH,2018,London,34.3,62.3,38000.0
LEWISHAM,2018,London,35.7,60.8,33514.0
MERTON,2018,London,16.0,83.0,37106.0
NEWHAM,2018,London,13.8,84.0,30871.0
REDBRIDGE,2018,London,26.1,72.2,33632.0
RICHMOND UPON THAMES,2018,London,14.3,84.8,42338.0
SOUTHWARK,2018,London,26.7,67.3,36159.0
SUTTON,2018,London,15.8,82.8,35758.0
TOWER HAMLETS,2018,London,27.4,62.6,38108.0
WALTHAM FOREST,2018,London,7.4,90.5,33212.0
WANDSWORTH,2018,London,29.4,67.8,41724.0
WESTMINSTER,2018,London,50.6,30.2,44712.0
COUNTY DURHAM,2018,North East,89.3,3.2,26331.0
GATESHEAD,2018,North East,39.0,57.1,25985.0
HARTLEPOOL,2018,North East,8.3,89.3,26929.0
MIDDLESBROUGH,2018,North East,5.8,91.9,25434.0
NEWCASTLE UPON TYNE,2018,North East,36.5,60.5,26928.0
NORTH TYNESIDE,2018,North East,36.4,61.7,28726.0
NORTHUMBERLAND,2018,North East,88.9,2.3,27460.0
REDCAR AND CLEVELAND,2018,North East,9.3,87.8,24973.0
SOUTH TYNESIDE,2018,North East,21.3,76.9,24979.0
STOCKTON-ON-TEES,2018,North East,22.3,73.8,26889.0
SUNDERLAND,2018,North East,43.6,53.3,25649.0
ALLERDALE,2018,North West,90.1,1.0,29730.0
BARROW-IN-FURNESS,2018,North West,98.0,0.4,33580.0
BLACKBURN WITH DARWEN,2018,North West,36.9,60.9,23449.0
BLACKPOOL,2018,North West,27.5,71.8,22943.0
BOLTON,2018,North West,42.6,56.1,25007.0
BURNLEY,2018,North West,13.4,85.4,24795.0
BURY,2018,North West,53.8,43.5,29347.0
CARLISLE,2018,North West,46.1,46.8,24174.0
CHESHIRE EAST,2018,North West,60.7,30.6,29881.0
CHESHIRE WEST AND CHESTER,2018,North West,75.9,17.4,29756.0
CHORLEY,2018,North West,44.5,50.3,30169.0
COPELAND,2018,North West,93.3,0.5,44281.0
EDEN,2018,North West,76.7,2.6,24506.0
FYLDE,2018,North West,67.0,25.3,31837.0
HALTON,2018,North West,33.4,64.8,27592.0
HYNDBURN,2018,North West,40.5,56.9,22627.0
KNOWSLEY,2018,North West,31.6,67.4,26880.0
LIVERPOOL,2018,North West,36.1,61.3,26706.0
MANCHESTER,2018,North West,37.8,57.4,26199.0
OLDHAM,2018,North West,28.3,69.9,25003.0
PRESTON,2018,North West,25.2,72.3,25880.0
ROCHDALE,2018,North West,35.7,62.3,24904.0
ROSSENDALE,2018,North West,52.9,41.7,25000.0
SALFORD,2018,North West,17.9,78.4,26173.0
SEFTON,2018,North West,46.1,52.3,28330.0
SOUTH RIBBLE,2018,North West,31.1,65.6,27733.0
ST. HELENS,2018,North West,25.1,72.8,26224.0
STOCKPORT,2018,North West,25.4,73.5,31027.0
TAMESIDE,2018,North West,55.2,41.7,24401.0
TRAFFORD,2018,North West,33.9,64.2,34004.0
WARRINGTON,2018,North West,38.3,58.8,30776.0
WEST LANCASHIRE,2018,North West,78.3,13.1,29902.0
WIGAN,2018,North West,34.1,64.8,27031.0
WIRRAL,2018,North West,53.6,42.9,27708.0
ABERDEEN CITY,2018,Scotland,88.2,4.8,29829.0
ABERDEENSHIRE,2018,Scotland,77.1,1.2,30877.0
ANGUS,2018,Scotland,70.8,15.3,29052.0
ARGYLL AND BUTE,2018,Scotland,77.2,0.5,24517.0
CITY OF EDINBURGH,2018,Scotland,20.5,77.7,31521.0
DUMFRIES AND GALLOWAY,2018,Scotland,80.6,1.8,24130.0
DUNDEE CITY,2018,Scotland,9.3,89.6,26339.0
EAST AYRSHIRE,2018,Scotland,58.8,35.5,30071.0
EAST DUNBARTONSHIRE,2018,Scotland,19.5,76.5,34589.0
EAST LOTHIAN,2018,Scotland,86.9,2.0,31628.0
EAST RENFREWSHIRE,2018,Scotland,24.2,72.0,38136.0
FALKIRK,2018,Scotland,15.8,80.9,29327.0
FIFE,2018,Scotland,60.1,34.9,28300.0
GLASGOW CITY,2018,Scotland,38.8,58.9,27710.0
HIGHLAND,2018,Scotland,73.9,0.7,29044.0
INVERCLYDE,2018,Scotland,21.8,75.3,28908.0
MIDLOTHIAN,2018,Scotland,70.0,21.6,27587.0
MORAY,2018,Scotland,82.7,0.3,27269.0
NORTH AYRSHIRE,2018,Scotland,64.8,28.9,30361.0
NORTH LANARKSHIRE,2018,Scotland,24.2,73.5,28326.0
ORKNEY ISLANDS,2018,Scotland,61.3,0.2,30556.0
PERTH AND KINROSS,2018,Scotland,49.0,33.8,29854.0
RENFREWSHIRE,2018,Scotland,19.5,76.9,30971.0
SCOTTISH BORDERS,2018,Scotland,80.8,2.3,27234.0
SHETLAND ISLANDS,2018,Scotland,68.1,0.2,33411.0
SOUTH AYRSHIRE,2018,Scotland,37.7,55.1,30913.0
SOUTH LANARKSHIRE,2018,Scotland,34.1,60.4,29497.0
WEST DUNBARTONSHIRE,2018,Scotland,7.6,91.1,26974.0
WEST LOTHIAN,2018,Scotland,42.0,53.8,28723.0
ARUN,2018,South East,93.7,2.0,27914.0
ASHFORD,2018,South East,43.4,45.2,30198.0
BASINGSTOKE AND DEANE,2018,South East,51.4,42.2,33337.0
BRACKNELL FOREST,2018,South East,45.4,50.2,31651.0
BRIGHTON AND HOVE,2018,South East,49.8,48.9,30061.0
CANTERBURY,2018,South East,90.9,1.3,30640.0
CHICHESTER,2018,South East,73.2,15.6,31356.0
CRAWLEY,2018,South East,16.2,83.2,28066.0
DOVER,2018,South East,61.2,30.0,28882.0
EAST HAMPSHIRE,2018,South East,56.3,30.6,35552.0
EASTBOURNE,2018,South East,97.8,0.9,29498.0
EASTLEIGH,2018,South East,49.9,46.6,29959.0
ELMBRIDGE,2018,South East,19.8,78.4,42311.0
EPSOM AND EWELL,2018,South East,37.1,62.0,36071.0
GOSPORT,2018,South East,51.6,48.2,27769.0
GRAVESHAM,2018,South East,30.4,65.0,30447.0
GUILDFORD,2018,South East,37.3,58.0,37895.0
HASTINGS,2018,South East,97.0,0.1,23725.0
HAVANT,2018,South East,16.5,82.8,29317.0
HORSHAM,2018,South East,83.9,5.6,34111.0
ISLE OF WIGHT,2018,South East,93.1,1.3,25489.0
LEWES,2018,South East,77.9,17.5,28661.0
MAIDSTONE,2018,South East,44.5,46.7,29987.0
MEDWAY,2018,South East,18.6,78.2,30514.0
MILTON KEYNES,2018,South East,77.0,19.3,30162.0
NEW FOREST,2018,South East,72.4,17.6,30144.0
OXFORD,2018,South East,16.7,82.1,33779.0
PORTSMOUTH,2018,South East,28.8,68.5,27402.0
READING,2018,South East,25.7,72.0,33270.0
REIGATE AND BANSTEAD,2018,South East,34.1,62.8,37400.0
RUNNYMEDE,2018,South East,23.0,73.9,31712.0
RUSHMOOR,2018,South East,12.0,85.8,32466.0
SEVENOAKS,2018,South East,61.7,28.2,31788.0
SLOUGH,2018,South East,14.4,84.3,31338.0
SOUTH OXFORDSHIRE,2018,South East,59.3,34.1,37318.0
SOUTHAMPTON,2018,South East,15.4,81.6,26472.0
SPELTHORNE,2018,South East,11.3,87.0,34741.0
SURREY HEATH,2018,South East,27.0,69.3,39847.0
SWALE,2018,South East,65.4,28.3,30872.0
TANDRIDGE,2018,South East,40.8,49.7,35817.0
TEST VALLEY,2018,South East,35.5,54.3,33371.0
THANET,2018,South East,77.6,19.3,24303.0
TUNBRIDGE WELLS,2018,South East,44.3,44.9,35883.0
VALE OF WHITE HORSE,2018,South East,33.2,62.2,36922.0
WAVERLEY,2018,South East,78.0,12.2,40374.0
WEALDEN,2018,South East,86.5,4.7,30274.0
WEST BERKSHIRE,2018,South East,33.0,60.5,32520.0
WEST OXFORDSHIRE,2018,South East,52.9,39.1,34370.0
WINCHESTER,2018,South East,49.8,36.9,39593.0
WORTHING,2018,South East,14.7,85.0,28578.0
BATH AND NORTH EAST SOMERSET,2018,South West,52.6,37.0,31902.0
"BRISTOL, CITY OF",2018,South West,8.3,88.4,29093.0
CHELTENHAM,2018,South West,27.8,69.1,29861.0
CORNWALL,2018,South West,55.1,34.2,24781.0
EAST DEVON,2018,South West,81.4,4.2,27601.0
EXETER,2018,South West,16.6,80.1,27965.0
GLOUCESTER,2018,South West,16.8,78.5,27203.0
MENDIP,2018,South West,60.2,22.7,30517.0
MID DEVON,2018,South West,72.4,3.6,27961.0
NORTH SOMERSET,2018,South West,63.1,27.4,30246.0
PLYMOUTH,2018,South West,8.8,89.6,27685.0
SEDGEMOOR,2018,South West,87.2,2.5,26981.0
SOUTH GLOUCESTERSHIRE,2018,South West,21.9,74.6,30538.0
SOUTH HAMS,2018,South West,70.0,9.7,28182.0
SOUTH SOMERSET,2018,South West,86.6,0.7,27406.0
STROUD,2018,South West,77.5,8.9,28894.0
SWINDON,2018,South West,13.8,77.4,30018.0
TEIGNBRIDGE,2018,South West,57.5,29.6,24516.0
TORBAY,2018,South West,47.6,46.2,24232.0
TORRIDGE,2018,South West,78.3,3.1,24136.0
WEST DEVON,2018,South West,75.3,1.0,26619.0
WILTSHIRE,2018,South West,55.6,36.5,29286.0
BLAENAU GWENT,2018,Wales,96.0,1.2,24967.0
BRIDGEND,2018,Wales,88.0,6.8,28715.0
CAERPHILLY,2018,Wales,93.0,3.4,26056.0
CARDIFF,2018,Wales,19.8,78.4,29404.0
CARMARTHENSHIRE,2018,Wales,79.4,6.3,26098.0
CEREDIGION,2018,Wales,60.1,19.7,24772.0
DENBIGHSHIRE,2018,Wales,84.6,5.8,25612.0
FLINTSHIRE,2018,Wales,83.6,8.3,26896.0
ISLE OF ANGLESEY,2018,Wales,73.5,15.4,25396.0
MERTHYR TYDFIL,2018,Wales,93.7,2.2,23702.0
MONMOUTHSHIRE,2018,Wales,76.8,7.8,33116.0
NEATH PORT TALBOT,2018,Wales,35.1,61.7,25665.0
NEWPORT,2018,Wales,28.2,69.1,27561.0
PEMBROKESHIRE,2018,Wales,81.4,4.9,24992.0
POWYS,2018,Wales,61.4,16.3,26115.0
SWANSEA,2018,Wales,23.0,74.7,28273.0
TORFAEN,2018,Wales,65.9,30.1,27480.0
VALE OF GLAMORGAN,2018,Wales,44.7,50.8,30063.0
WREXHAM,2018,Wales,78.4,15.9,27225.0
BIRMINGHAM,2018,West Midlands,17.6,79.3,27853.0
BROMSGROVE,2018,West Midlands,76.4,17.5,34328.0
CANNOCK CHASE,2018,West Midlands,74.8,21.7,26947.0
COVENTRY,2018,West Midlands,17.8,77.7,28746.0
DUDLEY,2018,West Midlands,11.4,88.0,27275.0
EAST STAFFORDSHIRE,2018,West Midlands,89.7,1.9,26360.0
"HEREFORDSHIRE, COUNTY OF",2018,West Midlands,72.4,10.7,25153.0
LICHFIELD,2018,West Midlands,29.7,65.2,31700.0
NEWCASTLE-UNDER-LYME,2018,West Midlands,42.1,54.2,26274.0
NORTH WARWICKSHIRE,2018,West Midlands,70.5,21.1,29749.0
NUNEATON AND BEDWORTH,2018,West Midlands,66.1,32.7,26927.0
RUGBY,2018,West Midlands,63.3,30.1,32537.0
SANDWELL,2018,West Midlands,35.7,63.8,24668.0
SHROPSHIRE,2018,West Midlands,75.5,8.2,27633.0
SOLIHULL,2018,West Midlands,20.3,77.0,33763.0
SOUTH STAFFORDSHIRE,2018,West Midlands,72.7,17.3,30942.0
STAFFORD,2018,West Midlands,28.3,64.7,29323.0
STOKE-ON-TRENT,2018,West Midlands,25.3,73.3,24865.0
STRATFORD-ON-AVON,2018,West Midlands,62.1,25.3,31996.0
TAMWORTH,2018,West Midlands,12.8,86.9,27503.0
TELFORD AND WREKIN,2018,West Midlands,31.2,66.5,25923.0
WALSALL,2018,West Midlands,21.0,77.4,24846.0
WARWICK,2018,West Midlands,34.4,61.6,33449.0
WOLVERHAMPTON,2018,West Midlands,18.9,80.2,24964.0
WORCESTER,2018,West Midlands,96.3,1.5,28441.0
WYCHAVON,2018,West Midlands,85.7,4.4,29998.0
WYRE FOREST,2018,West Midlands,44.1,51.0,26024.0
BARNSLEY,2018,Yorkshire,50.0,45.8,25370.0
BRADFORD,2018,Yorkshire,20.6,76.4,25137.0
CALDERDALE,2018,Yorkshire,47.6,44.6,28101.0
DONCASTER,2018,Yorkshire,49.8,45.5,26980.0
EAST RIDING OF YORKSHIRE,2018,Yorkshire,52.5,37.3,28753.0
HAMBLETON,2018,Yorkshire,82.8,2.6,28404.0
HARROGATE,2018,Yorkshire,36.5,53.5,31123.0
"KINGSTON UPON HULL, CITY OF",2018,Yorkshire,1.3,78.9,23689.0
KIRKLEES,2018,Yorkshire,34.7,60.8,27176.0
LEEDS,2018,Yorkshire,31.8,64.4,28042.0
NORTH EAST LINCOLNSHIRE,2018,Yorkshire,5.4,92.8,25582.0
NORTH LINCOLNSHIRE,2018,Yorkshire,49.1,43.9,28464.0
RICHMONDSHIRE,2018,Yorkshire,79.2,3.1,27392.0
ROTHERHAM,2018,Yorkshire,43.5,53.9,25959.0
RYEDALE,2018,Yorkshire,76.7,4.4,24650.0
SELBY,2018,Yorkshire,79.9,7.4,31303.0
SHEFFIELD,2018,Yorkshire,56.3,37.2,27665.0
WAKEFIELD,2018,Yorkshire,62.0,32.5,26033.0
YORK,2018,Yorkshire,22.2,72.7,26688.0
BASILDON,2019,East,29.1,66.9,32748.0
BEDFORD,2019,East,26.6,69.5,31624.0
BRAINTREE,2019,East,85.1,2.5,33681.0
BRECKLAND,2019,East,83.4,3.8,26208.0
BROADLAND,2019,East,55.2,37.0,30717.0
BROXBOURNE,2019,East,14.6,83.9,33300.0
CAMBRIDGE,2019,East,12.9,85.2,34275.0
CENTRAL BEDFORDSHIRE,2019,East,35.6,60.3,34868.0
CHELMSFORD,2019,East,47.8,45.6,32562.0
COLCHESTER,2019,East,43.8,48.3,31091.0
DACORUM,2019,East,26.8,68.3,32943.0
EAST CAMBRIDGESHIRE,2019,East,63.7,29.4,32182.0
EAST HERTFORDSHIRE,2019,East,32.5,60.8,39364.0
EPPING FOREST,2019,East,19.2,73.5,37466.0
FENLAND,2019,East,37.8,55.7,27935.0
HARLOW,2019,East,13.3,83.4,27704.0
HERTSMERE,2019,East,21.7,75.9,34632.0
HUNTINGDONSHIRE,2019,East,44.7,50.5,31699.0
IPSWICH,2019,East,20.0,78.8,28353.0
KING'S LYNN AND WEST NORFOLK,2019,East,84.9,5.2,27430.0
LUTON,2019,East,8.0,91.3,29940.0
MID SUFFOLK,2019,East,80.2,8.5,29480.0
NORTH HERTFORDSHIRE,2019,East,26.2,69.0,38643.0
NORTH NORFOLK,2019,East,85.4,2.4,25724.0
PETERBOROUGH,2019,East,25.0,72.4,27235.0
SOUTH CAMBRIDGESHIRE,2019,East,45.2,50.0,40052.0
SOUTH NORFOLK,2019,East,80.5,7.0,30393.0
SOUTHEND-ON-SEA,2019,East,36.4,58.8,32252.0
TENDRING,2019,East,89.1,3.1,28786.0
THREE RIVERS,2019,East,24.3,71.9,32531.0
THURROCK,2019,East,23.8,71.4,31553.0
WATFORD,2019,East,17.1,82.2,34329.0
WELWYN HATFIELD,2019,East,26.6,70.1,32782.0
AMBER VALLEY,2019,East Midlands,67.4,25.3,29602.0
ASHFIELD,2019,East Midlands,14.6,83.7,26074.0
BLABY,2019,East Midlands,33.5,64.2,30834.0
BOLSOVER,2019,East Midlands,66.1,27.4,25781.0
BOSTON,2019,East Midlands,86.9,2.7,22459.0
BROXTOWE,2019,East Midlands,9.5,89.5,31669.0
CHARNWOOD,2019,East Midlands,27.6,70.4,31622.0
CHESTERFIELD,2019,East Midlands,62.5,33.8,26551.0
DERBY,2019,East Midlands,11.8,87.3,30365.0
DERBYSHIRE DALES,2019,East Midlands,79.9,5.2,31887.0
EAST LINDSEY,2019,East Midlands,73.4,12.7,25659.0
EREWASH,2019,East Midlands,24.3,73.6,29222.0
GEDLING,2019,East Midlands,11.5,87.4,29339.0
HARBOROUGH,2019,East Midlands,61.4,33.2,34701.0
HIGH PEAK,2019,East Midlands,86.0,4.0,27581.0
HINCKLEY AND BOSWORTH,2019,East Midlands,36.6,58.5,29453.0
LEICESTER,2019,East Midlands,14.3,84.8,23748.0
LINCOLN,2019,East Midlands,18.4,79.9,26326.0
MELTON,2019,East Midlands,47.9,45.6,26209.0
NEWARK AND SHERWOOD,2019,East Midlands,43.9,51.4,26578.0
NORTH WEST LEICESTERSHIRE,2019,East Midlands,29.9,65.3,30092.0
NOTTINGHAM,2019,East Midlands,9.1,88.0,25078.0
RUSHCLIFFE,2019,East Midlands,28.7,67.9,35545.0
RUTLAND,2019,East Midlands,81.4,10.0,30175.0
SOUTH DERBYSHIRE,2019,East Midlands,73.8,17.4,32047.0
SOUTH HOLLAND,2019,East Midlands,80.9,5.9,26830.0
WEST LINDSEY,2019,East Midlands,59.6,25.3,29789.0
BARKING AND DAGENHAM,2019,London,8.9,89.4,29363.0
BARNET,2019,London,45.9,51.2,36292.0
BEXLEY,2019,London,21.6,74.7,36932.0
BRENT,2019,London,41.4,55.6,31746.0
BROMLEY,2019,London,16.1,81.2,41008.0
CAMDEN,2019,London,13.1,82.3,42416.0
CROYDON,2019,London,24.0,71.7,35172.0
EALING,2019,London,31.1,67.2,31769.0
ENFIELD,2019,London,19.7,77.6,32997.0
GREENWICH,2019,London,22.5,75.4,35953.0
HACKNEY,2019,London,28.1,69.1,35974.0
HAMMERSMITH AND FULHAM,2019,London,41.7,52.3,42104.0
HARINGEY,2019,London,16.0,82.2,35757.0
HARROW,2019,London,21.3,76.0,35325.0
HAVERING,2019,London,16.5,79.9,33892.0
HILLINGDON,2019,London,13.0,82.8,31340.0
HOUNSLOW,2019,London,13.4,84.1,34682.0
ISLINGTON,2019,London,18.5,75.7,43715.0
KINGSTON UPON THAMES,2019,London,11.0,86.0,38561.0
LAMBETH,2019,London,28.2,66.5,36969.0
LEWISHAM,2019,London,31.9,64.2,33754.0
MERTON,2019,London,14.9,83.4,37906.0
NEWHAM,2019,London,17.8,79.9,31807.0
REDBRIDGE,2019,London,14.5,83.9,35534.0
RICHMOND UPON THAMES,2019,London,18.9,79.2,43069.0
SOUTHWARK,2019,London,23.4,68.3,39130.0
SUTTON,2019,London,16.8,81.2,36547.0
TOWER HAMLETS,2019,London,29.8,60.0,42608.0
WALTHAM FOREST,2019,London,10.6,86.1,34917.0
WANDSWORTH,2019,London,22.6,74.1,43449.0
WESTMINSTER,2019,London,45.7,38.3,43990.0
COUNTY DURHAM,2019,North East,83.9,9.0,27557.0
GATESHEAD,2019,North East,31.1,64.4,26504.0
HARTLEPOOL,2019,North East,12.9,83.1,26523.0
MIDDLESBROUGH,2019,North East,8.5,87.8,26044.0
NEWCASTLE UPON TYNE,2019,North East,36.6,58.6,28024.0
NORTH TYNESIDE,2019,North East,36.9,61.0,29525.0
NORTHUMBERLAND,2019,North East,85.5,6.6,27430.0
REDCAR AND CLEVELAND,2019,North East,11.7,84.5,25836.0
SOUTH TYNESIDE,2019,North East,28.1,69.4,25930.0
STOCKTON-ON-TEES,2019,North East,23.5,71.6,29477.0
SUNDERLAND,2019,North East,40.5,55.9,25456.0
ALLERDALE,2019,North West,89.8,1.7,30474.0
BARROW-IN-FURNESS,2019,North West,97.8,0.7,31929.0
BLACKBURN WITH DARWEN,2019,North West,35.9,61.5,25121.0
BLACKPOOL,2019,North West,34.4,64.5,24795.0
BOLTON,2019,North West,30.0,68.3,26554.0
BURNLEY,2019,North West,34.0,64.0,28050.0
BURY,2019,North West,51.2,45.7,29650.0
CARLISLE,2019,North West,48.3,44.9,26437.0
CHESHIRE EAST,2019,North West,60.0,32.3,31960.0
CHESHIRE WEST AND CHESTER,2019,North West,70.3,24.0,30970.0
CHORLEY,2019,North West,46.0,48.6,31094.0
COPELAND,2019,North West,93.4,1.2,33132.0
EDEN,2019,North West,76.6,3.3,29095.0
FYLDE,2019,North West,60.8,30.8,31545.0
HALTON,2019,North West,34.6,63.0,27690.0
HYNDBURN,2019,North West,40.6,56.9,24912.0
KNOWSLEY,2019,North West,26.8,71.9,25849.0
LIVERPOOL,2019,North West,20.9,73.9,28800.0
MANCHESTER,2019,North West,30.9,63.3,26629.0
OLDHAM,2019,North West,27.8,70.3,25375.0
PRESTON,2019,North West,33.5,63.8,26057.0
ROCHDALE,2019,North West,39.1,58.6,26291.0
ROSSENDALE,2019,North West,52.8,42.2,26093.0
SALFORD,2019,North West,16.5,79.2,26944.0
SEFTON,2019,North West,35.6,62.4,28015.0
SOUTH RIBBLE,2019,North West,35.4,60.7,28014.0
ST. HELENS,2019,North West,17.6,79.9,28796.0
STOCKPORT,2019,North West,19.4,79.1,32246.0
TAMESIDE,2019,North West,46.4,50.3,25770.0
TRAFFORD,2019,North West,32.4,65.2,33791.0
WARRINGTON,2019,North West,39.4,57.6,30877.0
WEST LANCASHIRE,2019,North West,73.6,20.0,28396.0
WIGAN,2019,North West,28.5,69.9,26999.0
WIRRAL,2019,North West,42.4,54.7,29463.0
ABERDEEN CITY,2019,Scotland,73.3,20.1,30426.0
ABERDEENSHIRE,2019,Scotland,78.5,2.8,32539.0
ANGUS,2019,Scotland,72.3,13.6,29333.0
ARGYLL AND BUTE,2019,Scotland,75.3,0.9,27868.0
CITY OF EDINBURGH,2019,Scotland,15.5,81.7,32098.0
DUMFRIES AND GALLOWAY,2019,Scotland,79.8,4.2,24461.0
DUNDEE CITY,2019,Scotland,13.6,84.7,27346.0
EAST AYRSHIRE,2019,Scotland,59.8,34.4,29454.0
EAST DUNBARTONSHIRE,2019,Scotland,21.3,74.7,36166.0
EAST LOTHIAN,2019,Scotland,83.5,8.2,31654.0
EAST RENFREWSHIRE,2019,Scotland,27.2,68.2,40218.0
FALKIRK,2019,Scotland,18.6,78.2,29838.0
FIFE,2019,Scotland,51.8,42.9,29248.0
GLASGOW CITY,2019,Scotland,41.1,54.2,29542.0
HIGHLAND,2019,Scotland,78.0,1.5,29757.0
INVERCLYDE,2019,Scotland,25.1,72.0,27353.0
MIDLOTHIAN,2019,Scotland,67.0,25.4,28425.0
MORAY,2019,Scotland,82.4,1.0,28103.0
NORTH AYRSHIRE,2019,Scotland,64.4,28.8,29950.0
NORTH LANARKSHIRE,2019,Scotland,25.4,72.2,29258.0
ORKNEY ISLANDS,2019,Scotland,62.0,0.4,30644.0
PERTH AND KINROSS,2019,Scotland,52.3,32.0,31012.0
RENFREWSHIRE,2019,Scotland,24.2,72.5,32722.0
SCOTTISH BORDERS,2019,Scotland,80.2,4.7,27826.0
SHETLAND ISLANDS,2019,Scotland,68.0,0.5,31768.0
SOUTH AYRSHIRE,2019,Scotland,41.1,52.4,31648.0
SOUTH LANARKSHIRE,2019,Scotland,35.1,59.9,30522.0
WEST DUNBARTONSHIRE,2019,Scotland,10.1,88.2,27102.0
WEST LOTHIAN,2019,Scotland,42.7,53.3,29245.0
ARUN,2019,South East,91.5,5.1,25770.0
ASHFORD,2019,South East,46.2,43.3,31385.0
BASINGSTOKE AND DEANE,2019,South East,50.6,44.5,36127.0
BRACKNELL FOREST,2019,South East,44.8,50.5,35121.0
BRIGHTON AND HOVE,2019,South East,20.0,77.5,31988.0
CANTERBURY,2019,South East,90.6,2.1,34618.0
CHICHESTER,2019,South East,71.3,19.5,34273.0
CRAWLEY,2019,South East,14.8,84.2,29388.0
DOVER,2019,South East,63.9,28.4,30977.0
EAST HAMPSHIRE,2019,South East,59.4,31.1,35756.0
EASTBOURNE,2019,South East,97.7,1.0,29311.0
EASTLEIGH,2019,South East,39.7,56.8,30434.0
ELMBRIDGE,2019,South East,23.0,75.5,43110.0
EPSOM AND EWELL,2019,South East,19.5,79.7,37624.0
GOSPORT,2019,South East,23.4,76.4,28783.0
GRAVESHAM,2019,South East,30.6,65.0,32577.0
GUILDFORD,2019,South East,31.3,64.7,38365.0
HASTINGS,2019,South East,96.9,0.8,24672.0
HAVANT,2019,South East,15.3,83.8,29861.0
HORSHAM,2019,South East,76.0,16.3,34303.0
ISLE OF WIGHT,2019,South East,93.0,0.9,26168.0
LEWES,2019,South East,78.1,18.1,32838.0
MAIDSTONE,2019,South East,42.4,49.3,30746.0
MEDWAY,2019,South East,20.2,77.1,31382.0
MILTON KEYNES,2019,South East,49.4,47.4,32270.0
NEW FOREST,2019,South East,71.8,20.4,31145.0
OXFORD,2019,South East,19.7,77.7,31558.0
PORTSMOUTH,2019,South East,9.5,86.8,28569.0
READING,2019,South East,25.9,72.5,32812.0
REIGATE AND BANSTEAD,2019,South East,31.2,66.3,38369.0
RUNNYMEDE,2019,South East,29.9,67.3,38899.0
RUSHMOOR,2019,South East,16.8,80.7,32083.0
SEVENOAKS,2019,South East,64.7,26.3,37470.0
SLOUGH,2019,South East,14.7,84.0,31990.0
SOUTH OXFORDSHIRE,2019,South East,60.0,34.9,38925.0
SOUTHAMPTON,2019,South East,10.2,85.0,28665.0
SPELTHORNE,2019,South East,15.9,81.9,33591.0
SURREY HEATH,2019,South East,32.3,65.0,37636.0
SWALE,2019,South East,60.3,32.5,31281.0
TANDRIDGE,2019,South East,47.7,45.6,36113.0
TEST VALLEY,2019,South East,34.0,58.1,33677.0
THANET,2019,South East,53.8,43.3,26381.0
TUNBRIDGE WELLS,2019,South East,45.1,45.8,37345.0
VALE OF WHITE HORSE,2019,South East,37.0,58.5,37873.0
WAVERLEY,2019,South East,80.8,12.4,40083.0
WEALDEN,2019,South East,87.0,6.0,31221.0
WEST BERKSHIRE,2019,South East,35.1,60.4,36320.0
WEST OXFORDSHIRE,2019,South East,46.7,48.6,34851.0
WINCHESTER,2019,South East,49.6,40.6,37664.0
WORTHING,2019,South East,22.2,77.1,29668.0
BATH AND NORTH EAST SOMERSET,2019,South West,46.3,43.7,32255.0
"BRISTOL, CITY OF",2019,South West,10.8,84.5,30395.0
CHELTENHAM,2019,South West,28.6,69.1,33209.0
CORNWALL,2019,South West,54.0,36.2,25877.0
EAST DEVON,2019,South West,78.5,8.0,29364.0
EXETER,2019,South West,14.5,80.5,29748.0
GLOUCESTER,2019,South West,14.9,82.8,28503.0
MENDIP,2019,South West,57.8,25.9,29644.0
MID DEVON,2019,South West,73.6,3.8,27537.0
NORTH SOMERSET,2019,South West,60.1,30.0,31067.0
PLYMOUTH,2019,South West,12.7,84.1,25837.0
SEDGEMOOR,2019,South West,79.4,11.3,27468.0
SOUTH GLOUCESTERSHIRE,2019,South West,25.7,71.6,31636.0
SOUTH HAMS,2019,South West,64.5,15.6,28448.0
SOUTH SOMERSET,2019,South West,85.9,1.4,29460.0
STROUD,2019,South West,75.3,12.4,28308.0
SWINDON,2019,South West,16.0,75.8,30659.0
TEIGNBRIDGE,2019,South West,60.1,27.1,25304.0
TORBAY,2019,South West,38.4,55.0,25912.0
TORRIDGE,2019,South West,77.7,3.4,25101.0
WEST DEVON,2019,South West,75.9,1.2,26346.0
WILTSHIRE,2019,South West,57.0,35.7,29894.0
BLAENAU GWENT,2019,Wales,95.6,1.3,23549.0
BRIDGEND,2019,Wales,78.6,16.4,28190.0
CAERPHILLY,2019,Wales,85.7,11.1,27341.0
CARDIFF,2019,Wales,18.2,78.7,30468.0
CARMARTHENSHIRE,2019,Wales,73.7,12.4,27133.0
CEREDIGION,2019,Wales,60.8,20.0,25455.0
DENBIGHSHIRE,2019,Wales,84.7,5.6,24604.0
FLINTSHIRE,2019,Wales,79.1,13.7,27179.0
ISLE OF ANGLESEY,2019,Wales,73.1,15.7,27101.0
MERTHYR TYDFIL,2019,Wales,94.3,2.4,25444.0
MONMOUTHSHIRE,2019,Wales,72.3,12.8,34875.0
NEATH PORT TALBOT,2019,Wales,38.9,57.9,28011.0
NEWPORT,2019,Wales,30.4,66.7,28793.0
PEMBROKESHIRE,2019,Wales,81.7,5.2,24134.0
POWYS,2019,Wales,61.3,17.0,26946.0
SWANSEA,2019,Wales,33.6,63.7,28121.0
TORFAEN,2019,Wales,60.2,35.3,27811.0
VALE OF GLAMORGAN,2019,Wales,43.9,51.6,31874.0
WREXHAM,2019,Wales,66.4,27.1,28953.0
BIRMINGHAM,2019,West Midlands,14.3,80.8,27501.0
BROMSGROVE,2019,West Midlands,66.3,27.7,34491.0
CANNOCK CHASE,2019,West Midlands,74.7,22.3,27986.0
COVENTRY,2019,West Midlands,17.9,77.7,28747.0
DUDLEY,2019,West Midlands,18.2,80.9,29218.0
EAST STAFFORDSHIRE,2019,West Midlands,69.9,24.0,26662.0
"HEREFORDSHIRE, COUNTY OF",2019,West Midlands,70.3,15.0,26235.0
LICHFIELD,2019,West Midlands,32.1,63.4,34038.0
NEWCASTLE-UNDER-LYME,2019,West Midlands,37.5,59.0,26619.0
NORTH WARWICKSHIRE,2019,West Midlands,72.2,22.3,32968.0
NUNEATON AND BEDWORTH,2019,West Midlands,26.1,72.8,27771.0
RUGBY,2019,West Midlands,42.5,52.3,32029.0
SANDWELL,2019,West Midlands,28.5,70.8,24878.0
SHROPSHIRE,2019,West Midlands,74.0,11.7,29584.0
SOLIHULL,2019,West Midlands,22.2,74.9,34150.0
SOUTH STAFFORDSHIRE,2019,West Midlands,62.5,29.7,32611.0
STAFFORD,2019,West Midlands,32.3,60.2,30800.0
STOKE-ON-TRENT,2019,West Midlands,25.4,72.1,25391.0
STRATFORD-ON-AVON,2019,West Midlands,63.8,28.6,32773.0
TAMWORTH,2019,West Midlands,19.1,79.8,27436.0
TELFORD AND WREKIN,2019,West Midlands,24.8,72.8,27671.0
WALSALL,2019,West Midlands,35.5,63.1,26334.0
WARWICK,2019,West Midlands,25.5,71.2,33762.0
WOLVERHAMPTON,2019,West Midlands,14.9,83.2,25463.0
WORCESTER,2019,West Midlands,91.6,6.6,29011.0
WYCHAVON,2019,West Midlands,82.9,8.6,30723.0
WYRE FOREST,2019,West Midlands,49.3,46.7,27233.0
BARNSLEY,2019,Yorkshire,42.6,54.8,26466.0
BRADFORD,2019,Yorkshire,31.5,64.8,26029.0
CALDERDALE,2019,Yorkshire,52.3,41.5,28514.0
DONCASTER,2019,Yorkshire,54.5,41.8,27388.0
EAST RIDING OF YORKSHIRE,2019,Yorkshire,52.9,41.0,30446.0
HAMBLETON,2019,Yorkshire,82.9,4.0,28205.0
HARROGATE,2019,Yorkshire,38.4,52.0,33259.0
"KINGSTON UPON HULL, CITY OF",2019,Yorkshire,1.1,97.0,25461.0
KIRKLEES,2019,Yorkshire,33.4,63.2,27458.0
LEEDS,2019,Yorkshire,19.1,77.0,28908.0
NORTH EAST LINCOLNSHIRE,2019,Yorkshire,9.2,87.8,27457.0
NORTH LINCOLNSHIRE,2019,Yorkshire,53.6,39.7,28468.0
RICHMONDSHIRE,2019,Yorkshire,72.3,9.4,31087.0
ROTHERHAM,2019,Yorkshire,39.7,58.2,26317.0
RYEDALE,2019,Yorkshire,75.6,5.8,26298.0
SELBY,2019,Yorkshire,78.9,9.4,32195.0
SHEFFIELD,2019,Yorkshire,49.6,43.9,28438.0
WAKEFIELD,2019,Yorkshire,51.5,43.2,26632.0
YORK,2019,Yorkshire,23.0,70.8,28555.0
BASILDON,2020,East,96.7,69.5,32597.0
BEDFORD,2020,East,96.5,70.2,34562.0
BRAINTREE,2020,East,89.2,4.9,33294.0
BRECKLAND,2020,East,88.7,4.5,26582.0
BROADLAND,2020,East,93.0,37.4,32001.0
BROXBOURNE,2020,East,98.7,84.1,37847.0
CAMBRIDGE,2020,East,98.2,85.3,34919.0
CENTRAL BEDFORDSHIRE,2020,East,96.3,62.3,36229.0
CHELMSFORD,2020,East,94.0,46.4,35023.0
COLCHESTER,2020,East,92.4,50.8,32523.0
DACORUM,2020,East,95.9,72.2,35265.0
EAST CAMBRIDGESHIRE,2020,East,93.9,30.8,32743.0
EAST HERTFORDSHIRE,2020,East,94.0,64.0,40268.0
EPPING FOREST,2020,East,93.5,74.2,36688.0
FENLAND,2020,East,94.0,50.7,28678.0
HARLOW,2020,East,96.7,81.0,27678.0
HERTSMERE,2020,East,98.0,79.6,35774.0
HUNTINGDONSHIRE,2020,East,96.0,51.7,31140.0
IPSWICH,2020,East,98.5,82.9,27512.0
KING'S LYNN AND WEST NORFOLK,2020,East,91.0,6.2,31123.0
LUTON,2020,East,99.2,92.4,29472.0
MID SUFFOLK,2020,East,89.9,8.9,30805.0
NORTH HERTFORDSHIRE,2020,East,95.7,69.5,39756.0
NORTH NORFOLK,2020,East,89.6,3.2,27213.0
PETERBOROUGH,2020,East,97.7,72.9,27996.0
SOUTH CAMBRIDGESHIRE,2020,East,95.3,52.4,38726.0
SOUTH NORFOLK,2020,East,88.6,7.8,30305.0
SOUTHEND-ON-SEA,2020,East,96.1,60.2,33092.0
TENDRING,2020,East,93.5,5.1,28979.0
THREE RIVERS,2020,East,96.8,73.3,37929.0
THURROCK,2020,East,95.5,73.2,33574.0
WATFORD,2020,East,99.3,87.4,34782.0
WELWYN HATFIELD,2020,East,97.0,72.2,34193.0
AMBER VALLEY,2020,East Midlands,93.3,25.5,33614.0
ASHFIELD,2020,East Midlands,98.5,85.3,26446.0
BLABY,2020,East Midlands,97.8,67.8,35234.0
BOLSOVER,2020,East Midlands,94.2,28.8,27576.0
BOSTON,2020,East Midlands,90.9,3.6,24275.0
BROXTOWE,2020,East Midlands,99.1,89.5,31847.0
CHARNWOOD,2020,East Midlands,97.9,70.9,30232.0
CHESTERFIELD,2020,East Midlands,96.7,36.7,27590.0
DERBY,2020,East Midlands,99.2,87.8,31465.0
DERBYSHIRE DALES,2020,East Midlands,87.4,6.4,35011.0
EAST LINDSEY,2020,East Midlands,86.9,14.0,26304.0
EREWASH,2020,East Midlands,98.0,74.3,29529.0
GEDLING,2020,East Midlands,99.1,88.0,30042.0
HARBOROUGH,2020,East Midlands,94.7,34.2,36747.0
HIGH PEAK,2020,East Midlands,91.6,6.8,29357.0
HINCKLEY AND BOSWORTH,2020,East Midlands,95.3,60.8,29174.0
LEICESTER,2020,East Midlands,99.1,88.4,24711.0
LINCOLN,2020,East Midlands,98.3,79.9,28777.0
MELTON,2020,East Midlands,93.6,46.0,27673.0
NEWARK AND SHERWOOD,2020,East Midlands,95.6,51.5,30703.0
NORTH WEST LEICESTERSHIRE,2020,East Midlands,95.4,63.0,30209.0
NOTTINGHAM,2020,East Midlands,97.0,88.0,25216.0
RUSHCLIFFE,2020,East Midlands,96.9,68.4,35262.0
RUTLAND,2020,East Midlands,93.4,11.3,32489.0
SOUTH DERBYSHIRE,2020,East Midlands,92.6,22.0,35269.0
SOUTH HOLLAND,2020,East Midlands,88.0,7.2,30182.0
WEST LINDSEY,2020,East Midlands,85.3,29.4,30286.0
BARKING AND DAGENHAM,2020,London,98.9,90.5,32852.0
BARNET,2020,London,97.3,53.3,36411.0
BEXLEY,2020,London,96.6,75.4,39912.0
BRENT,2020,London,96.7,59.6,34172.0
BROMLEY,2020,London,97.5,85.1,43704.0
CAMDEN,2020,London,95.4,85.8,41848.0
CROYDON,2020,London,96.0,75.7,37570.0
EALING,2020,London,98.4,70.9,36482.0
ENFIELD,2020,London,96.9,79.1,33088.0
GREENWICH,2020,London,97.9,76.7,36670.0
HACKNEY,2020,London,97.2,69.6,37440.0
HAMMERSMITH AND FULHAM,2020,London,94.1,54.6,41267.0
HARINGEY,2020,London,98.3,82.5,35653.0
HARROW,2020,London,97.3,76.5,38347.0
HAVERING,2020,London,95.7,82.1,36017.0
HILLINGDON,2020,London,96.0,83.6,35155.0
HOUNSLOW,2020,London,97.6,84.0,34804.0
ISLINGTON,2020,London,94.5,76.5,46706.0
KINGSTON UPON THAMES,2020,London,97.0,85.2,41255.0
LAMBETH,2020,London,95.5,68.3,42040.0
LEWISHAM,2020,London,96.0,64.5,37167.0
MERTON,2020,London,98.4,83.7,41998.0
NEWHAM,2020,London,97.2,80.0,32909.0
REDBRIDGE,2020,London,98.0,86.1,36573.0
RICHMOND UPON THAMES,2020,London,97.8,81.9,49574.0
SOUTHWARK,2020,London,91.9,70.5,38403.0
SUTTON,2020,London,97.9,80.0,34996.0
TOWER HAMLETS,2020,London,90.5,61.2,41590.0
WALTHAM FOREST,2020,London,96.5,87.1,36875.0
WANDSWORTH,2020,London,96.8,74.7,46430.0
WESTMINSTER,2020,London,84.9,46.2,44544.0
COUNTY DURHAM,2020,North East,93.5,11.6,28239.0
GATESHEAD,2020,North East,95.6,64.2,26476.0
HARTLEPOOL,2020,North East,96.3,84.2,28653.0
MIDDLESBROUGH,2020,North East,96.4,89.4,26645.0
NEWCASTLE UPON TYNE,2020,North East,95.3,59.0,29050.0
NORTH TYNESIDE,2020,North East,98.2,62.5,29523.0
NORTHUMBERLAND,2020,North East,92.9,7.6,28472.0
REDCAR AND CLEVELAND,2020,North East,96.4,84.9,26675.0
SOUTH TYNESIDE,2020,North East,97.7,70.7,26529.0
STOCKTON-ON-TEES,2020,North East,95.8,84.3,29450.0
SUNDERLAND,2020,North East,96.7,57.0,26626.0
ALLERDALE,2020,North West,92.1,2.3,33339.0
BARROW-IN-FURNESS,2020,North West,98.6,0.7,35230.0
BLACKBURN WITH DARWEN,2020,North West,97.6,63.1,24554.0
BLACKPOOL,2020,North West,99.0,66.7,24526.0
BOLTON,2020,North West,98.4,80.8,27066.0
BURNLEY,2020,North West,98.0,78.4,25334.0
BURY,2020,North West,97.1,49.1,32267.0
CARLISLE,2020,North West,93.4,46.1,29140.0
CHESHIRE EAST,2020,North West,92.8,33.4,32601.0
CHESHIRE WEST AND CHESTER,2020,North West,94.6,26.8,31389.0
CHORLEY,2020,North West,94.8,51.1,31157.0
COPELAND,2020,North West,94.9,1.4,45067.0
EDEN,2020,North West,80.7,3.6,30683.0
FYLDE,2020,North West,93.1,32.1,33449.0
HALTON,2020,North West,97.8,63.4,30405.0
HYNDBURN,2020,North West,97.6,58.2,24850.0
KNOWSLEY,2020,North West,98.6,73.8,28502.0
LIVERPOOL,2020,North West,94.7,77.2,30850.0
MANCHESTER,2020,North West,94.1,64.5,28143.0
OLDHAM,2020,North West,98.2,74.0,26062.0
PRESTON,2020,North West,97.4,66.7,26887.0
ROCHDALE,2020,North West,97.9,63.8,27305.0
ROSSENDALE,2020,North West,95.1,43.2,27643.0
SALFORD,2020,North West,96.0,81.1,29507.0
SEFTON,2020,North West,98.3,64.2,29543.0
SOUTH RIBBLE,2020,North West,96.5,61.9,29086.0
ST. HELENS,2020,North West,97.8,81.6,28435.0
STOCKPORT,2020,North West,98.5,81.3,34021.0
TAMESIDE,2020,North West,97.0,51.8,25825.0
TRAFFORD,2020,North West,97.8,66.3,35065.0
WARRINGTON,2020,North West,97.0,67.0,30245.0
WEST LANCASHIRE,2020,North West,94.4,26.5,29616.0
WIGAN,2020,North West,98.7,81.7,29366.0
WIRRAL,2020,North West,97.5,60.4,28997.0
ABERDEEN CITY,2020,Scotland,93.9,30.0,30615.0
ABERDEENSHIRE,2020,Scotland,82.0,3.2,33970.0
ANGUS,2020,Scotland,86.9,13.7,29858.0
ARGYLL AND BUTE,2020,Scotland,77.3,1.1,28321.0
CITY OF EDINBURGH,2020,Scotland,97.3,82.8,34124.0
DUMFRIES AND GALLOWAY,2020,Scotland,84.5,4.8,26142.0
DUNDEE CITY,2020,Scotland,98.5,84.8,29570.0
EAST AYRSHIRE,2020,Scotland,94.4,37.2,32601.0
EAST DUNBARTONSHIRE,2020,Scotland,96.4,74.9,36839.0
EAST LOTHIAN,2020,Scotland,92.5,11.9,32098.0
EAST RENFREWSHIRE,2020,Scotland,95.7,68.8,43289.0
FALKIRK,2020,Scotland,96.9,79.8,30079.0
FIFE,2020,Scotland,95.2,41.8,31147.0
GLASGOW CITY,2020,Scotland,96.8,58.9,31468.0
HIGHLAND,2020,Scotland,80.2,2.4,32002.0
INVERCLYDE,2020,Scotland,97.1,71.9,28242.0
MIDLOTHIAN,2020,Scotland,93.0,27.9,31061.0
MORAY,2020,Scotland,84.0,2.9,30024.0
NORTH AYRSHIRE,2020,Scotland,93.9,29.2,30857.0
NORTH LANARKSHIRE,2020,Scotland,97.8,73.9,31020.0
ORKNEY ISLANDS,2020,Scotland,63.7,0.6,35080.0
PERTH AND KINROSS,2020,Scotland,84.7,32.1,30354.0
RENFREWSHIRE,2020,Scotland,96.7,72.6,32580.0
SCOTTISH BORDERS,2020,Scotland,85.6,6.2,28138.0
SHETLAND ISLANDS,2020,Scotland,69.0,0.6,34125.0
SOUTH AYRSHIRE,2020,Scotland,93.8,56.2,33445.0
SOUTH LANARKSHIRE,2020,Scotland,95.3,60.9,32998.0
WEST DUNBARTONSHIRE,2020,Scotland,98.3,88.2,28884.0
WEST LOTHIAN,2020,Scotland,96.4,56.7,31044.0
ARUN,2020,South East,96.8,6.0,28876.0
ASHFORD,2020,South East,90.1,44.0,30198.0
BASINGSTOKE AND DEANE,2020,South East,95.4,50.8,36588.0
BRACKNELL FOREST,2020,South East,95.5,57.3,36700.0
BRIGHTON AND HOVE,2020,South East,97.6,78.5,33848.0
CANTERBURY,2020,South East,93.4,2.9,30372.0
CHICHESTER,2020,South East,91.1,19.8,29953.0
CRAWLEY,2020,South East,99.0,84.2,31493.0
DOVER,2020,South East,92.7,28.6,34496.0
EAST HAMPSHIRE,2020,South East,91.9,34.1,35802.0
EASTBOURNE,2020,South East,98.9,2.1,31417.0
EASTLEIGH,2020,South East,97.2,63.7,34938.0
ELMBRIDGE,2020,South East,98.6,75.5,41613.0
EPSOM AND EWELL,2020,South East,99.2,79.8,36579.0
GOSPORT,2020,South East,99.8,85.7,30127.0
GRAVESHAM,2020,South East,95.9,63.9,29748.0
GUILDFORD,2020,South East,96.2,64.9,40435.0
HASTINGS,2020,South East,98.2,0.9,25845.0
HAVANT,2020,South East,99.1,85.9,29854.0
HORSHAM,2020,South East,93.0,17.9,34266.0
ISLE OF WIGHT,2020,South East,94.3,0.9,28498.0
LEWES,2020,South East,96.8,20.7,31443.0
MAIDSTONE,2020,South East,91.9,49.9,32404.0
MEDWAY,2020,South East,97.1,73.4,33266.0
MILTON KEYNES,2020,South East,97.3,58.6,33256.0
NEW FOREST,2020,South East,93.1,23.3,33676.0
OXFORD,2020,South East,97.4,80.2,34053.0
PORTSMOUTH,2020,South East,96.3,90.7,27197.0
READING,2020,South East,98.4,84.9,33032.0
REIGATE AND BANSTEAD,2020,South East,97.7,70.3,39968.0
RUNNYMEDE,2020,South East,96.7,66.8,34112.0
RUSHMOOR,2020,South East,97.5,80.8,35237.0
SEVENOAKS,2020,South East,91.5,28.0,37186.0
SLOUGH,2020,South East,98.7,84.6,32717.0
SOUTH OXFORDSHIRE,2020,South East,95.6,35.7,38600.0
SOUTHAMPTON,2020,South East,95.1,86.4,29926.0
SPELTHORNE,2020,South East,97.6,82.4,34768.0
SURREY HEATH,2020,South East,97.8,65.6,39555.0
SWALE,2020,South East,93.0,31.5,31965.0
TANDRIDGE,2020,South East,94.0,47.5,37609.0
TEST VALLEY,2020,South East,93.1,61.7,35090.0
THANET,2020,South East,96.9,43.0,26864.0
TUNBRIDGE WELLS,2020,South East,91.0,46.2,43112.0
VALE OF WHITE HORSE,2020,South East,96.0,59.5,37748.0
WAVERLEY,2020,South East,93.9,14.9,41159.0
WEALDEN,2020,South East,93.4,6.8,34654.0
WEST BERKSHIRE,2020,South East,96.2,67.3,35113.0
WEST OXFORDSHIRE,2020,South East,96.3,51.6,33527.0
WINCHESTER,2020,South East,91.1,41.8,35605.0
WORTHING,2020,South East,99.2,86.4,29374.0
BATH AND NORTH EAST SOMERSET,2020,South West,89.9,50.9,31098.0
"BRISTOL, CITY OF",2020,South West,95.4,85.9,32339.0
CHELTENHAM,2020,South West,98.3,69.4,33694.0
CORNWALL,2020,South West,89.2,34.9,27244.0
EAST DEVON,2020,South West,87.2,8.8,29456.0
EXETER,2020,South West,95.3,82.1,30897.0
GLOUCESTER,2020,South West,98.0,83.5,27491.0
MENDIP,2020,South West,83.9,26.4,29458.0
MID DEVON,2020,South West,78.2,4.2,26961.0
NORTH SOMERSET,2020,South West,90.5,32.0,34638.0
PLYMOUTH,2020,South West,96.6,85.2,28165.0
SEDGEMOOR,2020,South West,91.1,12.4,27702.0
SOUTH GLOUCESTERSHIRE,2020,South West,97.9,73.1,31965.0
SOUTH HAMS,2020,South West,80.8,16.2,29781.0
SOUTH SOMERSET,2020,South West,87.6,1.6,30901.0
STROUD,2020,South West,89.1,14.8,31607.0
SWINDON,2020,South West,91.9,76.3,31912.0
TEIGNBRIDGE,2020,South West,87.5,28.5,25136.0
TORBAY,2020,South West,94.1,58.1,27029.0
TORRIDGE,2020,South West,81.3,3.3,26932.0
WEST DEVON,2020,South West,78.0,7.5,26500.0
WILTSHIRE,2020,South West,93.3,37.5,31172.0
BLAENAU GWENT,2020,Wales,97.2,1.7,26204.0
BRIDGEND,2020,Wales,96.1,19.9,28838.0
CAERPHILLY,2020,Wales,97.2,11.9,28309.0
CARDIFF,2020,Wales,97.0,79.8,28785.0
CARMARTHENSHIRE,2020,Wales,86.1,15.6,29356.0
CEREDIGION,2020,Wales,79.0,17.8,26223.0
DENBIGHSHIRE,2020,Wales,90.0,5.4,26188.0
FLINTSHIRE,2020,Wales,93.2,14.9,28399.0
ISLE OF ANGLESEY,2020,Wales,88.5,15.1,27319.0
MERTHYR TYDFIL,2020,Wales,96.5,2.4,25916.0
MONMOUTHSHIRE,2020,Wales,85.9,14.4,34414.0
NEATH PORT TALBOT,2020,Wales,97.0,57.8,27544.0
NEWPORT,2020,Wales,97.1,67.2,29535.0
PEMBROKESHIRE,2020,Wales,87.0,5.2,27934.0
POWYS,2020,Wales,76.8,15.4,28336.0
SWANSEA,2020,Wales,97.3,72.2,27905.0
TORFAEN,2020,Wales,95.1,36.0,29124.0
VALE OF GLAMORGAN,2020,Wales,95.6,52.0,30016.0
WREXHAM,2020,Wales,93.7,30.9,29282.0
BIRMINGHAM,2020,West Midlands,95.2,83.4,29341.0
BROMSGROVE,2020,West Midlands,94.7,28.4,34047.0
CANNOCK CHASE,2020,West Midlands,97.2,22.4,27352.0
COVENTRY,2020,West Midlands,95.9,80.4,29589.0
DUDLEY,2020,West Midlands,99.2,89.4,31091.0
EAST STAFFORDSHIRE,2020,West Midlands,94.4,28.0,29485.0
"HEREFORDSHIRE, COUNTY OF",2020,West Midlands,85.5,16.2,28463.0
LICHFIELD,2020,West Midlands,95.8,64.2,36396.0
NEWCASTLE-UNDER-LYME,2020,West Midlands,96.4,64.7,29040.0
NORTH WARWICKSHIRE,2020,West Midlands,95.2,23.4,31388.0
NUNEATON AND BEDWORTH,2020,West Midlands,99.0,75.8,28734.0
RUGBY,2020,West Midlands,96.0,58.6,32429.0
SANDWELL,2020,West Midlands,99.3,74.3,25938.0
SHROPSHIRE,2020,West Midlands,86.9,12.4,30105.0
SOLIHULL,2020,West Midlands,97.0,80.0,34671.0
SOUTH STAFFORDSHIRE,2020,West Midlands,92.7,30.4,36519.0
STAFFORD,2020,West Midlands,92.9,60.4,31066.0
STOKE-ON-TRENT,2020,West Midlands,97.6,75.4,26995.0
STRATFORD-ON-AVON,2020,West Midlands,92.7,30.6,33371.0
TAMWORTH,2020,West Midlands,98.9,81.4,25604.0
TELFORD AND WREKIN,2020,West Midlands,97.7,75.9,27902.0
WALSALL,2020,West Midlands,98.4,71.8,27755.0
WARWICK,2020,West Midlands,97.2,71.7,35675.0
WOLVERHAMPTON,2020,West Midlands,98.1,87.3,25609.0
WORCESTER,2020,West Midlands,98.6,10.1,27598.0
WYCHAVON,2020,West Midlands,92.3,9.8,28601.0
WYRE FOREST,2020,West Midlands,96.7,45.9,30212.0
BARNSLEY,2020,Yorkshire,98.0,61.6,27181.0
BRADFORD,2020,Yorkshire,96.4,75.8,27974.0
CALDERDALE,2020,Yorkshire,94.9,43.1,28030.0
DONCASTER,2020,Yorkshire,96.8,45.5,29008.0
EAST RIDING OF YORKSHIRE,2020,Yorkshire,94.0,42.2,31667.0
HAMBLETON,2020,Yorkshire,87.6,4.7,30579.0
HARROGATE,2020,Yorkshire,90.9,52.6,32670.0
"KINGSTON UPON HULL, CITY OF",2020,Yorkshire,98.2,97.0,24820.0
KIRKLEES,2020,Yorkshire,97.0,63.4,28851.0
LEEDS,2020,Yorkshire,96.3,80.2,30249.0
NORTH EAST LINCOLNSHIRE,2020,Yorkshire,97.0,87.8,28583.0
NORTH LINCOLNSHIRE,2020,Yorkshire,93.7,40.8,29204.0
RICHMONDSHIRE,2020,Yorkshire,83.6,11.4,25027.0
ROTHERHAM,2020,Yorkshire,98.2,58.5,28404.0
RYEDALE,2020,Yorkshire,82.6,6.9,26326.0
SELBY,2020,Yorkshire,89.3,11.5,34106.0
SHEFFIELD,2020,Yorkshire,95.0,44.9,28360.0
WAKEFIELD,2020,Yorkshire,95.3,46.7,26106.0
YORK,2020,Yorkshire,93.8,71.8,30054.0
BASILDON,2021,East,97.9,77.6,32745.0
BEDFORD,2021,East,97.0,72.3,31036.0
BRAINTREE,2021,East,93.2,12.9,31945.0
BRECKLAND,2021,East,90.7,17.6,26960.0
BROADLAND,2021,East,94.1,40.1,30400.0
BROXBOURNE,2021,East,98.7,82.9,34615.0
CAMBRIDGE,2021,East,98.2,87.8,36913.0
CENTRAL BEDFORDSHIRE,2021,East,97.0,66.8,35000.0
CHELMSFORD,2021,East,94.9,58.0,37345.0
COLCHESTER,2021,East,94.5,56.1,31445.0
DACORUM,2021,East,96.5,73.5,33924.0
EAST CAMBRIDGESHIRE,2021,East,94.8,39.3,32523.0
EAST HERTFORDSHIRE,2021,East,95.0,65.6,38763.0
EPPING FOREST,2021,East,94.4,76.8,36691.0
FENLAND,2021,East,94.5,58.7,27655.0
HARLOW,2021,East,96.1,88.2,29234.0
HERTSMERE,2021,East,97.5,73.7,35275.0
HUNTINGDONSHIRE,2021,East,95.7,52.2,30577.0
IPSWICH,2021,East,98.1,84.1,28222.0
KING'S LYNN AND WEST NORFOLK,2021,East,91.3,7.0,28115.0
LUTON,2021,East,99.1,90.1,29258.0
MID SUFFOLK,2021,East,92.0,15.1,30000.0
NORTH HERTFORDSHIRE,2021,East,95.9,69.4,38477.0
NORTH NORFOLK,2021,East,90.4,4.4,28019.0
PETERBOROUGH,2021,East,98.0,81.9,28646.0
SOUTH CAMBRIDGESHIRE,2021,East,95.1,52.5,39853.0
SOUTH NORFOLK,2021,East,91.2,14.9,32028.0
SOUTHEND-ON-SEA,2021,East,97.0,67.4,35588.0
TENDRING,2021,East,96.2,8.9,29994.0
THREE RIVERS,2021,East,96.5,74.9,35093.0
THURROCK,2021,East,95.2,74.2,35027.0
WATFORD,2021,East,98.7,85.9,30876.0
WELWYN HATFIELD,2021,East,96.9,73.3,31635.0
AMBER VALLEY,2021,East Midlands,95.3,27.3,31174.0
ASHFIELD,2021,East Midlands,98.2,86.2,27366.0
BLABY,2021,East Midlands,97.7,70.2,29137.0
BOLSOVER,2021,East Midlands,94.8,37.4,26718.0
BOSTON,2021,East Midlands,91.0,4.5,24655.0
BROXTOWE,2021,East Midlands,98.8,90.4,32458.0
CHARNWOOD,2021,East Midlands,97.3,69.5,29279.0
CHESTERFIELD,2021,East Midlands,97.1,52.8,26646.0
DERBY,2021,East Midlands,98.7,88.8,30739.0
DERBYSHIRE DALES,2021,East Midlands,89.3,8.4,28282.0
EAST LINDSEY,2021,East Midlands,87.7,15.3,25737.0
EREWASH,2021,East Midlands,98.0,75.2,30255.0
GEDLING,2021,East Midlands,98.7,86.4,30372.0
HARBOROUGH,2021,East Midlands,94.8,33.8,36004.0
HIGH PEAK,2021,East Midlands,92.6,7.6,28665.0
HINCKLEY AND BOSWORTH,2021,East Midlands,96.1,62.0,30866.0
LEICESTER,2021,East Midlands,98.8,91.2,25355.0
LINCOLN,2021,East Midlands,98.0,80.2,25632.0
MELTON,2021,East Midlands,93.3,46.1,24017.0
NEWARK AND SHERWOOD,2021,East Midlands,95.1,54.1,30437.0
NORTH WEST LEICESTERSHIRE,2021,East Midlands,96.4,67.5,31381.0
NOTTINGHAM,2021,East Midlands,98.2,91.0,25196.0
RUSHCLIFFE,2021,East Midlands,97.1,72.1,34425.0
RUTLAND,2021,East Midlands,91.7,12.8,32597.0
SOUTH DERBYSHIRE,2021,East Midlands,93.6,31.4,32744.0
SOUTH HOLLAND,2021,East Midlands,88.5,8.9,30880.0
WEST LINDSEY,2021,East Midlands,85.5,31.5,31829.0
BARKING AND DAGENHAM,2021,London,98.7,89.8,32931.0
BARNET,2021,London,97.2,57.0,35716.0
BEXLEY,2021,London,97.1,78.7,37572.0
BRENT,2021,London,96.7,71.8,33805.0
BROMLEY,2021,London,97.6,86.3,41170.0
CAMDEN,2021,London,95.9,87.0,39994.0
CROYDON,2021,London,96.0,83.6,36347.0
EALING,2021,London,98.0,73.6,34190.0
ENFIELD,2021,London,96.8,86.3,35586.0
GREENWICH,2021,London,98.0,77.8,35598.0
HACKNEY,2021,London,96.5,71.1,36351.0
HAMMERSMITH AND FULHAM,2021,London,93.4,56.6,39430.0
HARINGEY,2021,London,98.3,83.8,35963.0
HARROW,2021,London,97.6,76.7,38827.0
HAVERING,2021,London,95.7,80.3,35885.0
HILLINGDON,2021,London,96.0,84.7,35695.0
HOUNSLOW,2021,London,97.3,85.9,32516.0
ISLINGTON,2021,London,94.6,80.1,42786.0
KINGSTON UPON THAMES,2021,London,97.8,86.7,40572.0
LAMBETH,2021,London,95.5,66.0,40511.0
LEWISHAM,2021,London,94.8,63.1,35365.0
MERTON,2021,London,98.2,86.8,34127.0
NEWHAM,2021,London,97.6,81.5,34869.0
REDBRIDGE,2021,London,97.1,81.7,37118.0
RICHMOND UPON THAMES,2021,London,97.7,84.2,42151.0
SOUTHWARK,2021,London,92.9,75.6,38030.0
SUTTON,2021,London,98.2,84.4,36459.0
TOWER HAMLETS,2021,London,92.1,67.3,40533.0
WALTHAM FOREST,2021,London,96.0,86.9,36096.0
WANDSWORTH,2021,London,96.7,75.3,43651.0
WESTMINSTER,2021,London,88.6,60.9,41977.0
COUNTY DURHAM,2021,North East,93.9,22.3,28259.0
GATESHEAD,2021,North East,95.5,69.9,26937.0
HARTLEPOOL,2021,North East,96.1,88.1,27717.0
MIDDLESBROUGH,2021,North East,95.4,88.4,26393.0
NEWCASTLE UPON TYNE,2021,North East,96.0,69.4,30264.0
NORTH TYNESIDE,2021,North East,98.5,70.0,29029.0
NORTHUMBERLAND,2021,North East,92.8,9.2,28229.0
REDCAR AND CLEVELAND,2021,North East,96.3,83.7,24781.0
SOUTH TYNESIDE,2021,North East,97.8,76.3,27356.0
STOCKTON-ON-TEES,2021,North East,95.1,84.8,27834.0
SUNDERLAND,2021,North East,96.3,60.3,24961.0
ALLERDALE,2021,North West,92.5,3.1,35461.0
BARROW-IN-FURNESS,2021,North West,98.5,1.0,34664.0
BLACKBURN WITH DARWEN,2021,North West,97.3,67.3,25902.0
BLACKPOOL,2021,North West,98.4,70.4,22833.0
BOLTON,2021,North West,98.2,84.4,26965.0
BURNLEY,2021,North West,97.9,79.0,26983.0
BURY,2021,North West,97.2,60.3,31341.0
CARLISLE,2021,North West,93.5,47.9,26396.0
CHESHIRE EAST,2021,North West,93.5,40.7,32103.0
CHESHIRE WEST AND CHESTER,2021,North West,94.9,41.4,32921.0
CHORLEY,2021,North West,95.4,55.9,33647.0
COPELAND,2021,North West,94.8,1.6,42995.0
EDEN,2021,North West,80.9,5.3,31770.0
FYLDE,2021,North West,93.9,33.4,30889.0
HALTON,2021,North West,96.9,63.2,28829.0
HYNDBURN,2021,North West,97.4,72.8,26927.0
KNOWSLEY,2021,North West,98.6,78.1,29493.0
LIVERPOOL,2021,North West,94.5,78.4,30000.0
MANCHESTER,2021,North West,92.8,70.1,27502.0
OLDHAM,2021,North West,98.1,76.1,27594.0
PRESTON,2021,North West,97.1,68.8,27425.0
ROCHDALE,2021,North West,97.6,64.9,25742.0
ROSSENDALE,2021,North West,94.0,43.3,29019.0
SALFORD,2021,North West,95.5,82.1,28081.0
SEFTON,2021,North West,98.1,65.8,30585.0
SOUTH RIBBLE,2021,North West,96.8,67.0,28260.0
ST. HELENS,2021,North West,97.2,83.6,29355.0
STOCKPORT,2021,North West,98.1,82.6,30724.0
TAMESIDE,2021,North West,96.7,56.1,27706.0
TRAFFORD,2021,North West,97.7,66.4,34936.0
WARRINGTON,2021,North West,96.8,68.5,31517.0
WEST LANCASHIRE,2021,North West,94.5,37.5,29454.0
WIGAN,2021,North West,98.6,85.5,30809.0
WIRRAL,2021,North West,97.9,72.5,29653.0
ABERDEEN CITY,2021,Scotland,94.3,50.8,29949.0
ABERDEENSHIRE,2021,Scotland,82.8,8.5,32605.0
ANGUS,2021,Scotland,86.8,14.4,30305.0
ARGYLL AND BUTE,2021,Scotland,77.8,1.6,26902.0
CITY OF EDINBURGH,2021,Scotland,97.5,84.0,33241.0
DUMFRIES AND GALLOWAY,2021,Scotland,84.6,6.1,27555.0
DUNDEE CITY,2021,Scotland,98.5,84.9,28192.0
EAST AYRSHIRE,2021,Scotland,95.5,44.6,32383.0
EAST DUNBARTONSHIRE,2021,Scotland,96.1,77.0,37402.0
EAST LOTHIAN,2021,Scotland,92.7,29.6,30788.0
EAST RENFREWSHIRE,2021,Scotland,95.9,70.0,44557.0
FALKIRK,2021,Scotland,96.9,85.0,30122.0
FIFE,2021,Scotland,95.3,52.8,30810.0
GLASGOW CITY,2021,Scotland,97.0,65.5,31872.0
HIGHLAND,2021,Scotland,81.2,11.5,31191.0
INVERCLYDE,2021,Scotland,96.8,72.9,31353.0
MIDLOTHIAN,2021,Scotland,93.3,40.9,30449.0
MORAY,2021,Scotland,84.3,13.2,28685.0
NORTH AYRSHIRE,2021,Scotland,94.3,31.2,32862.0
NORTH LANARKSHIRE,2021,Scotland,97.8,75.4,31107.0
ORKNEY ISLANDS,2021,Scotland,64.7,1.1,26998.0
PERTH AND KINROSS,2021,Scotland,85.2,35.1,30172.0
RENFREWSHIRE,2021,Scotland,95.6,74.9,34606.0
SCOTTISH BORDERS,2021,Scotland,85.6,17.7,28226.0
SHETLAND ISLANDS,2021,Scotland,70.1,1.8,33729.0
SOUTH AYRSHIRE,2021,Scotland,93.9,57.1,34065.0
SOUTH LANARKSHIRE,2021,Scotland,95.7,66.6,33630.0
WEST DUNBARTONSHIRE,2021,Scotland,98.3,88.4,31093.0
WEST LOTHIAN,2021,Scotland,96.9,76.2,30623.0
ARUN,2021,South East,96.5,8.7,28733.0
ASHFORD,2021,South East,89.7,45.1,29417.0
BASINGSTOKE AND DEANE,2021,South East,95.6,56.8,36817.0
BRACKNELL FOREST,2021,South East,95.8,58.5,37296.0
BRIGHTON AND HOVE,2021,South East,97.3,81.2,32816.0
CANTERBURY,2021,South East,93.9,4.7,30242.0
CHICHESTER,2021,South East,90.3,22.8,30000.0
CRAWLEY,2021,South East,98.5,80.7,31335.0
DOVER,2021,South East,92.8,34.5,30282.0
EAST HAMPSHIRE,2021,South East,92.3,39.7,33802.0
EASTBOURNE,2021,South East,98.6,3.0,28864.0
EASTLEIGH,2021,South East,97.4,73.2,34870.0
ELMBRIDGE,2021,South East,98.1,70.6,41943.0
EPSOM AND EWELL,2021,South East,99.5,88.6,35293.0
GOSPORT,2021,South East,99.1,85.7,31495.0
GRAVESHAM,2021,South East,96.0,64.5,31314.0
GUILDFORD,2021,South East,96.1,64.6,40401.0
HASTINGS,2021,South East,98.2,3.2,26450.0
HAVANT,2021,South East,98.8,85.7,29041.0
HORSHAM,2021,South East,92.9,31.9,35198.0
ISLE OF WIGHT,2021,South East,93.6,30.9,27374.0
LEWES,2021,South East,96.3,24.7,34195.0
MAIDSTONE,2021,South East,91.8,56.9,32000.0
MEDWAY,2021,South East,97.1,77.9,30981.0
MILTON KEYNES,2021,South East,97.9,87.2,33927.0
NEW FOREST,2021,South East,93.0,24.1,32425.0
OXFORD,2021,South East,97.4,77.8,34896.0
PORTSMOUTH,2021,South East,97.2,90.1,28827.0
READING,2021,South East,98.6,85.5,36500.0
REIGATE AND BANSTEAD,2021,South East,97.4,73.4,37684.0
RUNNYMEDE,2021,South East,96.2,68.7,36627.0
RUSHMOOR,2021,South East,97.0,81.1,35076.0
SEVENOAKS,2021,South East,92.3,44.4,38798.0
SLOUGH,2021,South East,98.7,87.0,34371.0
SOUTH OXFORDSHIRE,2021,South East,95.9,46.2,36732.0
SOUTHAMPTON,2021,South East,96.8,87.3,30615.0
SPELTHORNE,2021,South East,96.3,78.9,38832.0
SURREY HEATH,2021,South East,97.9,65.9,42219.0
SWALE,2021,South East,93.0,39.0,31586.0
TANDRIDGE,2021,South East,93.5,48.3,38435.0
TEST VALLEY,2021,South East,93.5,64.5,33186.0
THANET,2021,South East,96.5,52.7,28176.0
TUNBRIDGE WELLS,2021,South East,91.8,42.2,35735.0
VALE OF WHITE HORSE,2021,South East,96.1,60.3,35375.0
WAVERLEY,2021,South East,93.6,16.2,41377.0
WEALDEN,2021,South East,94.1,17.3,31090.0
WEST BERKSHIRE,2021,South East,97.2,68.4,34724.0
WEST OXFORDSHIRE,2021,South East,98.3,61.0,32028.0
WINCHESTER,2021,South East,91.4,44.3,37203.0
WORTHING,2021,South East,99.3,92.4,30358.0
BATH AND NORTH EAST SOMERSET,2021,South West,93.4,59.3,30906.0
"BRISTOL, CITY OF",2021,South West,95.9,88.9,32452.0
CHELTENHAM,2021,South West,98.6,69.0,34101.0
CORNWALL,2021,South West,87.1,34.1,25597.0
EAST DEVON,2021,South West,89.0,31.8,29274.0
EXETER,2021,South West,95.8,86.7,30444.0
GLOUCESTER,2021,South West,98.7,86.5,27668.0
MENDIP,2021,South West,86.3,41.1,28527.0
MID DEVON,2021,South West,78.1,7.7,27883.0
NORTH SOMERSET,2021,South West,92.0,48.8,30359.0
PLYMOUTH,2021,South West,97.3,86.6,25903.0
SEDGEMOOR,2021,South West,92.9,19.8,28048.0
SOUTH GLOUCESTERSHIRE,2021,South West,97.9,78.4,31714.0
SOUTH HAMS,2021,South West,81.7,23.5,31341.0
SOUTH SOMERSET,2021,South West,88.2,5.9,30108.0
STROUD,2021,South West,90.1,18.3,30183.0
SWINDON,2021,South West,92.9,81.0,30662.0
TEIGNBRIDGE,2021,South West,88.5,36.4,26930.0
TORBAY,2021,South West,93.8,68.1,26416.0
TORRIDGE,2021,South West,80.6,3.5,26537.0
WEST DEVON,2021,South West,78.3,28.4,25588.0
WILTSHIRE,2021,South West,94.4,43.9,30399.0
BLAENAU GWENT,2021,Wales,96.5,3.6,27747.0
BRIDGEND,2021,Wales,97.0,34.5,29667.0
CAERPHILLY,2021,Wales,97.9,24.4,29289.0
CARDIFF,2021,Wales,97.5,83.2,29288.0
CARMARTHENSHIRE,2021,Wales,86.3,22.0,29769.0
CEREDIGION,2021,Wales,80.6,20.7,27902.0
DENBIGHSHIRE,2021,Wales,89.8,9.1,26974.0
FLINTSHIRE,2021,Wales,94.1,28.4,30054.0
ISLE OF ANGLESEY,2021,Wales,88.3,16.2,28760.0
MERTHYR TYDFIL,2021,Wales,97.7,20.7,27074.0
MONMOUTHSHIRE,2021,Wales,86.2,16.4,34012.0
NEATH PORT TALBOT,2021,Wales,96.9,58.9,30620.0
NEWPORT,2021,Wales,97.0,69.7,29017.0
PEMBROKESHIRE,2021,Wales,87.6,6.4,29558.0
POWYS,2021,Wales,77.4,16.2,27414.0
SWANSEA,2021,Wales,97.4,77.2,28827.0
TORFAEN,2021,Wales,96.1,40.7,26454.0
VALE OF GLAMORGAN,2021,Wales,96.3,58.7,29564.0
WREXHAM,2021,Wales,94.1,39.1,27793.0
BIRMINGHAM,2021,West Midlands,95.6,89.2,28998.0
BROMSGROVE,2021,West Midlands,96.4,64.4,34490.0
CANNOCK CHASE,2021,West Midlands,97.7,25.8,29308.0
COVENTRY,2021,West Midlands,97.8,91.2,30763.0
DUDLEY,2021,West Midlands,99.0,89.7,29438.0
EAST STAFFORDSHIRE,2021,West Midlands,94.4,34.9,28232.0
"HEREFORDSHIRE, COUNTY OF",2021,West Midlands,87.4,22.8,29258.0
LICHFIELD,2021,West Midlands,95.7,64.7,35714.0
NEWCASTLE-UNDER-LYME,2021,West Midlands,95.8,65.4,29615.0
NORTH WARWICKSHIRE,2021,West Midlands,96.0,30.9,31332.0
NUNEATON AND BEDWORTH,2021,West Midlands,98.7,79.4,28928.0
RUGBY,2021,West Midlands,96.9,64.6,33364.0
SANDWELL,2021,West Midlands,99.1,81.2,26630.0
SHROPSHIRE,2021,West Midlands,86.1,16.3,29558.0
SOLIHULL,2021,West Midlands,97.2,86.8,35516.0
SOUTH STAFFORDSHIRE,2021,West Midlands,92.1,31.5,33075.0
STAFFORD,2021,West Midlands,93.9,64.1,31356.0
STOKE-ON-TRENT,2021,West Midlands,97.7,80.2,26766.0
STRATFORD-ON-AVON,2021,West Midlands,93.4,37.0,33923.0
TAMWORTH,2021,West Midlands,99.0,82.1,27879.0
TELFORD AND WREKIN,2021,West Midlands,97.4,76.9,28450.0
WALSALL,2021,West Midlands,98.1,75.6,28515.0
WARWICK,2021,West Midlands,97.7,74.2,36862.0
WOLVERHAMPTON,2021,West Midlands,98.1,83.1,27503.0
WORCESTER,2021,West Midlands,98.6,10.3,29984.0
WYCHAVON,2021,West Midlands,93.8,16.3,28189.0
WYRE FOREST,2021,West Midlands,96.6,47.7,29010.0
BARNSLEY,2021,Yorkshire,97.9,65.7,27723.0
BRADFORD,2021,Yorkshire,96.3,78.8,28421.0
CALDERDALE,2021,Yorkshire,94.8,49.3,27899.0
DONCASTER,2021,Yorkshire,97.5,61.0,28761.0
EAST RIDING OF YORKSHIRE,2021,Yorkshire,95.5,56.4,30361.0
HAMBLETON,2021,Yorkshire,89.0,6.9,28409.0
HARROGATE,2021,Yorkshire,91.8,54.5,32778.0
"KINGSTON UPON HULL, CITY OF",2021,Yorkshire,98.5,97.5,26048.0
KIRKLEES,2021,Yorkshire,97.0,72.5,27968.0
LEEDS,2021,Yorkshire,96.5,82.8,30889.0
NORTH EAST LINCOLNSHIRE,2021,Yorkshire,96.8,88.5,28110.0
NORTH LINCOLNSHIRE,2021,Yorkshire,93.6,46.2,29530.0
RICHMONDSHIRE,2021,Yorkshire,84.2,12.8,26798.0
ROTHERHAM,2021,Yorkshire,98.1,60.0,27583.0
RYEDALE,2021,Yorkshire,83.3,7.6,26069.0
SELBY,2021,Yorkshire,92.4,19.6,33062.0
SHEFFIELD,2021,Yorkshire,96.0,47.8,30625.0
WAKEFIELD,2021,Yorkshire,95.9,55.3,28166.0
YORK,2021,Yorkshire,94.1,73.4,30878.0
